lon,lat,country,code,continent,k
-127.5,54.5,Canada,124,Americas,0
-127.5,55.5,Canada,124,Americas,0
-126.5,53.5,Canada,124,Americas,0
-126.5,54.5,Canada,124,Americas,0
-125.5,49.5,Canada,124,Americas,0
-125.5,52.5,Canada,124,Americas,0
-125.5,54.5,Canada,124,Americas,0
-124.5,51.5,Canada,124,Americas,0
-124.5,52.5,Canada,124,Americas,0
-124.5,53.5,Canada,124,Americas,0
-124.5,54.5,Canada,124,Americas,0
-123.5,39.5,United States,840,Americas,1
-123.5,40.5,United States,840,Americas,0
-123.5,41.5,United States,840,Americas,0
-123.5,42.5,United States,840,Americas,3
-123.5,43.5,United States,840,Americas,5
-123.5,44.5,United States,840,Americas,9
-123.5,45.5,United States,840,Americas,9
-123.5,46.5,United States,840,Americas,2
-123.5,47.5,United States,840,Americas,1
-123.5,48.5,Canada,124,Americas,0
-123.5,49.5,Canada,124,Americas,0
-123.5,50.5,Canada,124,Americas,0
-123.5,51.5,Canada,124,Americas,0
-123.5,52.5,Canada,124,Americas,0
-123.5,53.5,Canada,124,Americas,0
-123.5,54.5,Canada,124,Americas,0
-122.5,38.5,United States,840,Americas,10
-122.5,39.5,United States,840,Americas,10
-122.5,40.5,United States,840,Americas,9
-122.5,41.5,United States,840,Americas,8
-122.5,42.5,United States,840,Americas,8
-122.5,43.5,United States,840,Americas,1
-122.5,44.5,United States,840,Americas,9
-122.5,45.5,United States,840,Americas,9
-122.5,46.5,United States,840,Americas,2
-122.5,48.5,United States,840,Americas,7
-122.5,49.5,Canada,124,Americas,6
-122.5,50.5,Canada,124,Americas,0
-122.5,51.5,Canada,124,Americas,0
-122.5,52.5,Canada,124,Americas,0
-122.5,53.5,Canada,124,Americas,0
-122.5,54.5,Canada,124,Americas,0
-122.5,55.5,Canada,124,Americas,0
-122.5,56.5,Canada,124,Americas,0
-122.5,57.5,Canada,124,Americas,0
-121.5,36.5,United States,840,Americas,10
-121.5,37.5,United States,840,Americas,10
-121.5,38.5,United States,840,Americas,10
-121.5,39.5,United States,840,Americas,10
-121.5,40.5,United States,840,Americas,6
-121.5,41.5,United States,840,Americas,10
-121.5,42.5,United States,840,Americas,10
-121.5,43.5,United States,840,Americas,6
-121.5,44.5,United States,840,Americas,9
-121.5,45.5,United States,840,Americas,6
-121.5,46.5,United States,840,Americas,0
-121.5,47.5,United States,840,Americas,0
-121.5,48.5,United States,840,Americas,0
-121.5,49.5,Canada,124,Americas,0
-121.5,50.5,Canada,124,Americas,0
-121.5,51.5,Canada,124,Americas,0
-121.5,52.5,Canada,124,Americas,0
-121.5,53.5,Canada,124,Americas,0
-121.5,55.5,Canada,124,Americas,0
-121.5,56.5,Canada,124,Americas,0
-121.5,57.5,Canada,124,Americas,0
-120.5,34.5,United States,840,Americas,10
-120.5,35.5,United States,840,Americas,10
-120.5,36.5,United States,840,Americas,10
-120.5,37.5,United States,840,Americas,10
-120.5,38.5,United States,840,Americas,4
-120.5,39.5,United States,840,Americas,3
-120.5,40.5,United States,840,Americas,8
-120.5,41.5,United States,840,Americas,9
-120.5,42.5,United States,840,Americas,8
-120.5,43.5,United States,840,Americas,7
-120.5,44.5,United States,840,Americas,9
-120.5,45.5,United States,840,Americas,7
-120.5,46.5,United States,840,Americas,10
-120.5,47.5,United States,840,Americas,8
-120.5,48.5,United States,840,Americas,0
-120.5,49.5,Canada,124,Americas,0
-120.5,50.5,Canada,124,Americas,5
-120.5,51.5,Canada,124,Americas,0
-120.5,53.5,Canada,124,Americas,0
-120.5,55.5,Canada,124,Americas,0
-120.5,56.5,Canada,124,Americas,0
-119.5,34.5,United States,840,Americas,8
-119.5,35.5,United States,840,Americas,10
-119.5,36.5,United States,840,Americas,10
-119.5,37.5,United States,840,Americas,9
-119.5,38.5,United States,840,Americas,8
-119.5,39.5,United States,840,Americas,8
-119.5,40.5,United States,840,Americas,0
-119.5,41.5,United States,840,Americas,1
-119.5,42.5,United States,840,Americas,4
-119.5,43.5,United States,840,Americas,6
-119.5,44.5,United States,840,Americas,6
-119.5,45.5,United States,840,Americas,9
-119.5,46.5,United States,840,Americas,10
-119.5,47.5,United States,840,Americas,10
-119.5,48.5,United States,840,Americas,7
-119.5,49.5,Canada,124,Americas,2
-119.5,50.5,Canada,124,Americas,8
-119.5,51.5,Canada,124,Americas,0
-119.5,53.5,Canada,124,Americas,0
-119.5,54.5,Canada,124,Americas,0
-119.5,55.5,Canada,124,Americas,0
-119.5,56.5,Canada,124,Americas,0
-118.5,34.5,United States,840,Americas,10
-118.5,35.5,United States,840,Americas,10
-118.5,36.5,United States,840,Americas,1
-118.5,37.5,United States,840,Americas,4
-118.5,38.5,United States,840,Americas,0
-118.5,39.5,United States,840,Americas,8
-118.5,40.5,United States,840,Americas,6
-118.5,41.5,United States,840,Americas,6
-118.5,42.5,United States,840,Americas,1
-118.5,43.5,United States,840,Americas,6
-118.5,44.5,United States,840,Americas,7
-118.5,45.5,United States,840,Americas,9
-118.5,46.5,United States,840,Americas,10
-118.5,47.5,United States,840,Americas,10
-118.5,48.5,United States,840,Americas,2
-118.5,49.5,Canada,124,Americas,0
-118.5,50.5,Canada,124,Americas,0
-118.5,54.5,Canada,124,Americas,0
-118.5,55.5,Canada,124,Americas,0
-118.5,56.5,Canada,124,Americas,0
-117.5,33.5,United States,840,Americas,10
-117.5,34.5,United States,840,Americas,4
-117.5,35.5,United States,840,Americas,0
-117.5,36.5,United States,840,Americas,0
-117.5,37.5,United States,840,Americas,0
-117.5,38.5,United States,840,Americas,0
-117.5,39.5,United States,840,Americas,0
-117.5,40.5,United States,840,Americas,1
-117.5,41.5,United States,840,Americas,8
-117.5,42.5,United States,840,Americas,1
-117.5,43.5,United States,840,Americas,9
-117.5,44.5,United States,840,Americas,9
-117.5,45.5,United States,840,Americas,9
-117.5,46.5,United States,840,Americas,1
-117.5,47.5,United States,840,Americas,6
-117.5,48.5,United States,840,Americas,2
-117.5,49.5,Canada,124,Americas,0
-117.5,51.5,Canada,124,Americas,0
-117.5,54.5,Canada,124,Americas,0
-117.5,55.5,Canada,124,Americas,0
-117.5,56.5,Canada,124,Americas,0
-117.5,57.5,Canada,124,Americas,0
-117.5,58.5,Canada,124,Americas,0
-116.5,31.5,Mexico,484,Americas,6
-116.5,32.5,Mexico,484,Americas,5
-116.5,33.5,United States,840,Americas,10
-116.5,34.5,United States,840,Americas,0
-116.5,35.5,United States,840,Americas,0
-116.5,36.5,United States,840,Americas,0
-116.5,37.5,United States,840,Americas,0
-116.5,38.5,United States,840,Americas,0
-116.5,39.5,United States,840,Americas,0
-116.5,40.5,United States,840,Americas,5
-116.5,41.5,United States,840,Americas,8
-116.5,42.5,United States,840,Americas,3
-116.5,43.5,United States,840,Americas,10
-116.5,44.5,United States,840,Americas,10
-116.5,45.5,United States,840,Americas,0
-116.5,46.5,United States,840,Americas,0
-116.5,47.5,United States,840,Americas,2
-116.5,48.5,United States,840,Americas,0
-116.5,49.5,Canada,124,Americas,0
-116.5,51.5,Canada,124,Americas,0
-116.5,53.5,Canada,124,Americas,0
-116.5,54.5,Canada,124,Americas,0
-116.5,55.5,Canada,124,Americas,0
-116.5,56.5,Canada,124,Americas,0
-116.5,57.5,Canada,124,Americas,0
-116.5,58.5,Canada,124,Americas,0
-115.5,30.5,Mexico,484,Americas,6
-115.5,31.5,Mexico,484,Americas,0
-115.5,32.5,Mexico,484,Americas,10
-115.5,33.5,United States,840,Americas,10
-115.5,35.5,United States,840,Americas,0
-115.5,36.5,United States,840,Americas,0
-115.5,37.5,United States,840,Americas,0
-115.5,38.5,United States,840,Americas,0
-115.5,39.5,United States,840,Americas,1
-115.5,40.5,United States,840,Americas,6
-115.5,41.5,United States,840,Americas,5
-115.5,42.5,United States,840,Americas,9
-115.5,43.5,United States,840,Americas,5
-115.5,44.5,United States,840,Americas,0
-115.5,45.5,United States,840,Americas,0
-115.5,46.5,United States,840,Americas,0
-115.5,47.5,United States,840,Americas,0
-115.5,48.5,United States,840,Americas,0
-115.5,49.5,Canada,124,Americas,0
-115.5,50.5,Canada,124,Americas,0
-115.5,52.5,Canada,124,Americas,0
-115.5,53.5,Canada,124,Americas,0
-115.5,54.5,Canada,124,Americas,0
-115.5,55.5,Canada,124,Americas,0
-115.5,58.5,Canada,124,Americas,0
-114.5,32.5,United States,840,Americas,10
-114.5,33.5,United States,840,Americas,10
-114.5,34.5,United States,840,Americas,9
-114.5,35.5,United States,840,Americas,0
-114.5,36.5,United States,840,Americas,0
-114.5,37.5,United States,840,Americas,0
-114.5,38.5,United States,840,Americas,0
-114.5,39.5,United States,840,Americas,0
-114.5,40.5,United States,840,Americas,0
-114.5,41.5,United States,840,Americas,0
-114.5,42.5,United States,840,Americas,10
-114.5,43.5,United States,840,Americas,10
-114.5,44.5,United States,840,Americas,0
-114.5,45.5,United States,840,Americas,0
-114.5,46.5,United States,840,Americas,5
-114.5,47.5,United States,840,Americas,9
-114.5,48.5,United States,840,Americas,7
-114.5,49.5,Canada,124,Americas,0
-114.5,50.5,Canada,124,Americas,0
-114.5,51.5,Canada,124,Americas,0
-114.5,52.5,Canada,124,Americas,0
-114.5,53.5,Canada,124,Americas,0
-114.5,54.5,Canada,124,Americas,0
-114.5,55.5,Canada,124,Americas,0
-113.5,27.5,Mexico,484,Americas,0
-113.5,32.5,United States,840,Americas,5
-113.5,33.5,United States,840,Americas,7
-113.5,34.5,United States,840,Americas,0
-113.5,35.5,United States,840,Americas,0
-113.5,36.5,United States,840,Americas,0
-113.5,37.5,United States,840,Americas,8
-113.5,38.5,United States,840,Americas,0
-113.5,39.5,United States,840,Americas,0
-113.5,40.5,United States,840,Americas,0
-113.5,41.5,United States,840,Americas,1
-113.5,42.5,United States,840,Americas,10
-113.5,43.5,United States,840,Americas,9
-113.5,44.5,United States,840,Americas,8
-113.5,45.5,United States,840,Americas,9
-113.5,46.5,United States,840,Americas,9
-113.5,47.5,United States,840,Americas,6
-113.5,48.5,United States,840,Americas,0
-113.5,49.5,Canada,124,Americas,9
-113.5,50.5,Canada,124,Americas,8
-113.5,51.5,Canada,124,Americas,7
-113.5,52.5,Canada,124,Americas,0
-113.5,53.5,Canada,124,Americas,0
-113.5,54.5,Canada,124,Americas,0
-113.5,55.5,Canada,124,Americas,0
-112.5,30.5,Mexico,484,Americas,8
-112.5,31.5,Mexico,484,Americas,3
-112.5,32.5,United States,840,Americas,7
-112.5,33.5,United States,840,Americas,10
-112.5,34.5,United States,840,Americas,0
-112.5,35.5,United States,840,Americas,0
-112.5,36.5,United States,840,Americas,0
-112.5,37.5,United States,840,Americas,5
-112.5,38.5,United States,840,Americas,8
-112.5,39.5,United States,840,Americas,8
-112.5,40.5,United States,840,Americas,5
-112.5,41.5,United States,840,Americas,9
-112.5,42.5,United States,840,Americas,10
-112.5,43.5,United States,840,Americas,10
-112.5,44.5,United States,840,Americas,10
-112.5,45.5,United States,840,Americas,9
-112.5,46.5,United States,840,Americas,8
-112.5,47.5,United States,840,Americas,6
-112.5,48.5,United States,840,Americas,8
-112.5,49.5,Canada,124,Americas,10
-112.5,50.5,Canada,124,Americas,10
-112.5,51.5,Canada,124,Americas,3
-112.5,52.5,Canada,124,Americas,0
-112.5,53.5,Canada,124,Americas,0
-112.5,54.5,Canada,124,Americas,0
-112.5,55.5,Canada,124,Americas,0
-111.5,24.5,Mexico,484,Americas,6
-111.5,25.5,Mexico,484,Americas,8
-111.5,28.5,Mexico,484,Americas,9
-111.5,29.5,Mexico,484,Americas,6
-111.5,30.5,Mexico,484,Americas,7
-111.5,31.5,United States,840,Americas,1
-111.5,32.5,United States,840,Americas,10
-111.5,33.5,United States,840,Americas,10
-111.5,34.5,United States,840,Americas,0
-111.5,36.5,United States,840,Americas,0
-111.5,37.5,United States,840,Americas,0
-111.5,38.5,United States,840,Americas,8
-111.5,39.5,United States,840,Americas,9
-111.5,40.5,United States,840,Americas,9
-111.5,41.5,United States,840,Americas,9
-111.5,42.5,United States,840,Americas,10
-111.5,43.5,United States,840,Americas,10
-111.5,44.5,United States,840,Americas,10
-111.5,45.5,United States,840,Americas,10
-111.5,46.5,United States,840,Americas,9
-111.5,47.5,United States,840,Americas,8
-111.5,48.5,United States,840,Americas,6
-111.5,49.5,Canada,124,Americas,10
-111.5,50.5,Canada,124,Americas,10
-111.5,51.5,Canada,124,Americas,1
-111.5,52.5,Canada,124,Americas,0
-111.5,53.5,Canada,124,Americas,0
-111.5,54.5,Canada,124,Americas,0
-110.5,27.5,Mexico,484,Americas,10
-110.5,28.5,Mexico,484,Americas,8
-110.5,29.5,Mexico,484,Americas,9
-110.5,30.5,Mexico,484,Americas,5
-110.5,31.5,United States,840,Americas,0
-110.5,32.5,United States,840,Americas,1
-110.5,33.5,United States,840,Americas,0
-110.5,34.5,United States,840,Americas,0
-110.5,37.5,United States,840,Americas,0
-110.5,38.5,United States,840,Americas,0
-110.5,39.5,United States,840,Americas,3
-110.5,40.5,United States,840,Americas,7
-110.5,41.5,United States,840,Americas,9
-110.5,42.5,United States,840,Americas,9
-110.5,43.5,United States,840,Americas,8
-110.5,44.5,United States,840,Americas,0
-110.5,45.5,United States,840,Americas,5
-110.5,46.5,United States,840,Americas,4
-110.5,47.5,United States,840,Americas,1
-110.5,48.5,United States,840,Americas,0
-110.5,49.5,Canada,124,Americas,6
-110.5,50.5,Canada,124,Americas,3
-110.5,51.5,Canada,124,Americas,1
-110.5,52.5,Canada,124,Americas,0
-110.5,53.5,Canada,124,Americas,0
-110.5,54.5,Canada,124,Americas,0
-109.5,23.5,Mexico,484,Americas,6
-109.5,27.5,Mexico,484,Americas,10
-109.5,28.5,Mexico,484,Americas,0
-109.5,29.5,Mexico,484,Americas,4
-109.5,30.5,Mexico,484,Americas,6
-109.5,31.5,United States,840,Americas,4
-109.5,32.5,United States,840,Americas,9
-109.5,33.5,United States,840,Americas,0
-109.5,36.5,United States,840,Americas,0
-109.5,37.5,United States,840,Americas,1
-109.5,38.5,United States,840,Americas,0
-109.5,39.5,United States,840,Americas,1
-109.5,40.5,United States,840,Americas,9
-109.5,41.5,United States,840,Americas,0
-109.5,42.5,United States,840,Americas,7
-109.5,43.5,United States,840,Americas,1
-109.5,44.5,United States,840,Americas,4
-109.5,45.5,United States,840,Americas,7
-109.5,46.5,United States,840,Americas,6
-109.5,47.5,United States,840,Americas,1
-109.5,48.5,United States,840,Americas,1
-109.5,49.5,Canada,124,Americas,3
-109.5,50.5,Canada,124,Americas,0
-109.5,51.5,Canada,124,Americas,1
-109.5,52.5,Canada,124,Americas,0
-109.5,53.5,Canada,124,Americas,0
-109.5,54.5,Canada,124,Americas,0
-108.5,25.5,Mexico,484,Americas,10
-108.5,26.5,Mexico,484,Americas,10
-108.5,27.5,Mexico,484,Americas,0
-108.5,28.5,Mexico,484,Americas,1
-108.5,29.5,Mexico,484,Americas,0
-108.5,30.5,Mexico,484,Americas,9
-108.5,31.5,United States,840,Americas,7
-108.5,32.5,United States,840,Americas,0
-108.5,33.5,United States,840,Americas,0
-108.5,34.5,United States,840,Americas,0
-108.5,35.5,United States,840,Americas,0
-108.5,36.5,United States,840,Americas,7
-108.5,37.5,United States,840,Americas,8
-108.5,38.5,United States,840,Americas,8
-108.5,39.5,United States,840,Americas,8
-108.5,40.5,United States,840,Americas,0
-108.5,41.5,United States,840,Americas,0
-108.5,42.5,United States,840,Americas,7
-108.5,43.5,United States,840,Americas,9
-108.5,44.5,United States,840,Americas,10
-108.5,45.5,United States,840,Americas,8
-108.5,46.5,United States,840,Americas,4
-108.5,47.5,United States,840,Americas,1
-108.5,48.5,United States,840,Americas,6
-108.5,49.5,Canada,124,Americas,2
-108.5,50.5,Canada,124,Americas,0
-108.5,51.5,Canada,124,Americas,1
-108.5,52.5,Canada,124,Americas,0
-108.5,53.5,Canada,124,Americas,0
-108.5,54.5,Canada,124,Americas,0
-107.5,24.5,Mexico,484,Americas,10
-107.5,25.5,Mexico,484,Americas,10
-107.5,26.5,Mexico,484,Americas,0
-107.5,27.5,Mexico,484,Americas,0
-107.5,28.5,Mexico,484,Americas,9
-107.5,29.5,Mexico,484,Americas,8
-107.5,30.5,Mexico,484,Americas,9
-107.5,31.5,Mexico,484,Americas,5
-107.5,32.5,United States,840,Americas,6
-107.5,33.5,United States,840,Americas,0
-107.5,35.5,United States,840,Americas,0
-107.5,36.5,United States,840,Americas,1
-107.5,37.5,United States,840,Americas,7
-107.5,38.5,United States,840,Americas,9
-107.5,39.5,United States,840,Americas,8
-107.5,40.5,United States,840,Americas,8
-107.5,41.5,United States,840,Americas,2
-107.5,42.5,United States,840,Americas,1
-107.5,43.5,United States,840,Americas,5
-107.5,44.5,United States,840,Americas,8
-107.5,45.5,United States,840,Americas,5
-107.5,46.5,United States,840,Americas,4
-107.5,47.5,United States,840,Americas,0
-107.5,48.5,United States,840,Americas,5
-107.5,49.5,Canada,124,Americas,2
-107.5,50.5,Canada,124,Americas,2
-107.5,51.5,Canada,124,Americas,3
-107.5,52.5,Canada,124,Americas,0
-107.5,53.5,Canada,124,Americas,0
-107.5,54.5,Canada,124,Americas,0
-106.5,23.5,Mexico,484,Americas,9
-106.5,24.5,Mexico,484,Americas,2
-106.5,25.5,Mexico,484,Americas,0
-106.5,26.5,Mexico,484,Americas,0
-106.5,27.5,Mexico,484,Americas,1
-106.5,28.5,Mexico,484,Americas,9
-106.5,29.5,Mexico,484,Americas,0
-106.5,30.5,Mexico,484,Americas,6
-106.5,31.5,Mexico,484,Americas,9
-106.5,32.5,United States,840,Americas,9
-106.5,33.5,United States,840,Americas,0
-106.5,34.5,United States,840,Americas,9
-106.5,35.5,United States,840,Americas,5
-106.5,36.5,United States,840,Americas,3
-106.5,37.5,United States,840,Americas,10
-106.5,38.5,United States,840,Americas,7
-106.5,39.5,United States,840,Americas,3
-106.5,40.5,United States,840,Americas,9
-106.5,41.5,United States,840,Americas,9
-106.5,42.5,United States,840,Americas,4
-106.5,43.5,United States,840,Americas,1
-106.5,44.5,United States,840,Americas,7
-106.5,45.5,United States,840,Americas,1
-106.5,46.5,United States,840,Americas,5
-106.5,47.5,United States,840,Americas,0
-106.5,48.5,United States,840,Americas,7
-106.5,49.5,Canada,124,Americas,0
-106.5,50.5,Canada,124,Americas,3
-106.5,51.5,Canada,124,Americas,7
-106.5,52.5,Canada,124,Americas,1
-106.5,53.5,Canada,124,Americas,0
-105.5,20.5,Mexico,484,Americas,9
-105.5,22.5,Mexico,484,Americas,10
-105.5,23.5,Mexico,484,Americas,0
-105.5,24.5,Mexico,484,Americas,1
-105.5,25.5,Mexico,484,Americas,2
-105.5,26.5,Mexico,484,Americas,6
-105.5,27.5,Mexico,484,Americas,7
-105.5,28.5,Mexico,484,Americas,10
-105.5,29.5,Mexico,484,Americas,1
-105.5,30.5,Mexico,484,Americas,0
-105.5,31.5,United States,840,Americas,8
-105.5,32.5,United States,840,Americas,0
-105.5,33.5,United States,840,Americas,0
-105.5,34.5,United States,840,Americas,0
-105.5,35.5,United States,840,Americas,4
-105.5,36.5,United States,840,Americas,3
-105.5,37.5,United States,840,Americas,10
-105.5,38.5,United States,840,Americas,6
-105.5,39.5,United States,840,Americas,3
-105.5,40.5,United States,840,Americas,9
-105.5,41.5,United States,840,Americas,8
-105.5,42.5,United States,840,Americas,6
-105.5,43.5,United States,840,Americas,1
-105.5,44.5,United States,840,Americas,1
-105.5,45.5,United States,840,Americas,1
-105.5,46.5,United States,840,Americas,4
-105.5,47.5,United States,840,Americas,5
-105.5,48.5,United States,840,Americas,1
-105.5,49.5,Canada,124,Americas,1
-105.5,50.5,Canada,124,Americas,1
-105.5,51.5,Canada,124,Americas,1
-105.5,52.5,Canada,124,Americas,1
-105.5,53.5,Canada,124,Americas,0
-104.5,19.5,Mexico,484,Americas,9
-104.5,20.5,Mexico,484,Americas,9
-104.5,21.5,Mexico,484,Americas,4
-104.5,22.5,Mexico,484,Americas,0
-104.5,23.5,Mexico,484,Americas,10
-104.5,24.5,Mexico,484,Americas,9
-104.5,25.5,Mexico,484,Americas,2
-104.5,26.5,Mexico,484,Americas,8
-104.5,27.5,Mexico,484,Americas,5
-104.5,28.5,Mexico,484,Americas,3
-104.5,29.5,Mexico,484,Americas,5
-104.5,30.5,United States,840,Americas,0
-104.5,31.5,United States,840,Americas,1
-104.5,32.5,United States,840,Americas,8
-104.5,33.5,United States,840,Americas,8
-104.5,34.5,United States,840,Americas,1
-104.5,35.5,United States,840,Americas,1
-104.5,36.5,United States,840,Americas,1
-104.5,37.5,United States,840,Americas,4
-104.5,38.5,United States,840,Americas,5
-104.5,39.5,United States,840,Americas,6
-104.5,40.5,United States,840,Americas,10
-104.5,41.5,United States,840,Americas,9
-104.5,42.5,United States,840,Americas,8
-104.5,43.5,United States,840,Americas,1
-104.5,44.5,United States,840,Americas,1
-104.5,45.5,United States,840,Americas,0
-104.5,46.5,United States,840,Americas,0
-104.5,47.5,United States,840,Americas,6
-104.5,48.5,United States,840,Americas,2
-104.5,49.5,Canada,124,Americas,1
-104.5,50.5,Canada,124,Americas,1
-104.5,51.5,Canada,124,Americas,1
-104.5,52.5,Canada,124,Americas,1
-104.5,53.5,Canada,124,Americas,0
-103.5,18.5,Mexico,484,Americas,8
-103.5,19.5,Mexico,484,Americas,9
-103.5,20.5,Mexico,484,Americas,9
-103.5,21.5,Mexico,484,Americas,7
-103.5,22.5,Mexico,484,Americas,5
-103.5,23.5,Mexico,484,Americas,10
-103.5,24.5,Mexico,484,Americas,5
-103.5,25.5,Mexico,484,Americas,10
-103.5,26.5,Mexico,484,Americas,2
-103.5,28.5,Mexico,484,Americas,0
-103.5,29.5,United States,840,Americas,0
-103.5,30.5,United States,840,Americas,0
-103.5,31.5,United States,840,Americas,4
-103.5,32.5,United States,840,Americas,8
-103.5,33.5,United States,840,Americas,10
-103.5,34.5,United States,840,Americas,10
-103.5,35.5,United States,840,Americas,3
-103.5,36.5,United States,840,Americas,10
-103.5,37.5,United States,840,Americas,5
-103.5,38.5,United States,840,Americas,9
-103.5,39.5,United States,840,Americas,7
-103.5,40.5,United States,840,Americas,10
-103.5,41.5,United States,840,Americas,10
-103.5,42.5,United States,840,Americas,9
-103.5,43.5,United States,840,Americas,1
-103.5,44.5,United States,840,Americas,8
-103.5,45.5,United States,840,Americas,0
-103.5,46.5,United States,840,Americas,0
-103.5,47.5,United States,840,Americas,1
-103.5,48.5,United States,840,Americas,1
-103.5,49.5,Canada,124,Americas,1
-103.5,50.5,Canada,124,Americas,1
-103.5,51.5,Canada,124,Americas,1
-103.5,52.5,Canada,124,Americas,1
-103.5,53.5,Canada,124,Americas,0
-102.5,18.5,Mexico,484,Americas,9
-102.5,19.5,Mexico,484,Americas,9
-102.5,20.5,Mexico,484,Americas,10
-102.5,21.5,Mexico,484,Americas,9
-102.5,22.5,Mexico,484,Americas,9
-102.5,23.5,Mexico,484,Americas,9
-102.5,24.5,Mexico,484,Americas,0
-102.5,25.5,Mexico,484,Americas,7
-102.5,26.5,Mexico,484,Americas,1
-102.5,27.5,Mexico,484,Americas,1
-102.5,28.5,Mexico,484,Americas,0
-102.5,29.5,Mexico,484,Americas,0
-102.5,30.5,United States,840,Americas,0
-102.5,31.5,United States,840,Americas,0
-102.5,32.5,United States,840,Americas,10
-102.5,33.5,United States,840,Americas,10
-102.5,34.5,United States,840,Americas,10
-102.5,35.5,United States,840,Americas,10
-102.5,36.5,United States,840,Americas,10
-102.5,37.5,United States,840,Americas,10
-102.5,38.5,United States,840,Americas,10
-102.5,39.5,United States,840,Americas,10
-102.5,40.5,United States,840,Americas,10
-102.5,41.5,United States,840,Americas,9
-102.5,42.5,United States,840,Americas,9
-102.5,43.5,United States,840,Americas,1
-102.5,44.5,United States,840,Americas,0
-102.5,45.5,United States,840,Americas,0
-102.5,46.5,United States,840,Americas,0
-102.5,47.5,United States,840,Americas,1
-102.5,48.5,United States,840,Americas,1
-102.5,49.5,Canada,124,Americas,1
-102.5,50.5,Canada,124,Americas,0
-102.5,51.5,Canada,124,Americas,1
-102.5,52.5,Canada,124,Americas,0
-102.5,53.5,Canada,124,Americas,0
-101.5,18.5,Mexico,484,Americas,1
-101.5,19.5,Mexico,484,Americas,9
-101.5,20.5,Mexico,484,Americas,10
-101.5,21.5,Mexico,484,Americas,10
-101.5,22.5,Mexico,484,Americas,8
-101.5,23.5,Mexico,484,Americas,1
-101.5,24.5,Mexico,484,Americas,0
-101.5,25.5,Mexico,484,Americas,4
-101.5,26.5,Mexico,484,Americas,4
-101.5,27.5,Mexico,484,Americas,8
-101.5,28.5,Mexico,484,Americas,1
-101.5,29.5,Mexico,484,Americas,1
-101.5,30.5,United States,840,Americas,1
-101.5,31.5,United States,840,Americas,8
-101.5,32.5,United States,840,Americas,10
-101.5,33.5,United States,840,Americas,10
-101.5,34.5,United States,840,Americas,10
-101.5,35.5,United States,840,Americas,10
-101.5,36.5,United States,840,Americas,10
-101.5,37.5,United States,840,Americas,10
-101.5,38.5,United States,840,Americas,10
-101.5,39.5,United States,840,Americas,9
-101.5,40.5,United States,840,Americas,10
-101.5,41.5,United States,840,Americas,10
-101.5,42.5,United States,840,Americas,1
-101.5,43.5,United States,840,Americas,1
-101.5,44.5,United States,840,Americas,0
-101.5,45.5,United States,840,Americas,0
-101.5,46.5,United States,840,Americas,0
-101.5,47.5,United States,840,Americas,0
-101.5,48.5,United States,840,Americas,1
-101.5,49.5,Canada,124,Americas,1
-101.5,50.5,Canada,124,Americas,1
-101.5,51.5,Canada,124,Americas,1
-101.5,52.5,Canada,124,Americas,0
-101.5,53.5,Canada,124,Americas,0
-100.5,17.5,Mexico,484,Americas,5
-100.5,18.5,Mexico,484,Americas,8
-100.5,19.5,Mexico,484,Americas,9
-100.5,20.5,Mexico,484,Americas,10
-100.5,21.5,Mexico,484,Americas,10
-100.5,22.5,Mexico,484,Americas,9
-100.5,23.5,Mexico,484,Americas,2
-100.5,24.5,Mexico,484,Americas,5
-100.5,25.5,Mexico,484,Americas,10
-100.5,26.5,Mexico,484,Americas,7
-100.5,27.5,Mexico,484,Americas,9
-100.5,28.5,Mexico,484,Americas,9
-100.5,29.5,United States,840,Americas,6
-100.5,30.5,United States,840,Americas,1
-100.5,31.5,United States,840,Americas,8
-100.5,32.5,United States,840,Americas,3
-100.5,33.5,United States,840,Americas,1
-100.5,34.5,United States,840,Americas,9
-100.5,35.5,United States,840,Americas,7
-100.5,36.5,United States,840,Americas,10
-100.5,37.5,United States,840,Americas,10
-100.5,38.5,United States,840,Americas,10
-100.5,39.5,United States,840,Americas,9
-100.5,40.5,United States,840,Americas,10
-100.5,41.5,United States,840,Americas,10
-100.5,42.5,United States,840,Americas,7
-100.5,43.5,United States,840,Americas,1
-100.5,44.5,United States,840,Americas,1
-100.5,45.5,United States,840,Americas,0
-100.5,46.5,United States,840,Americas,0
-100.5,47.5,United States,840,Americas,0
-100.5,48.5,United States,840,Americas,0
-100.5,49.5,Canada,124,Americas,1
-100.5,50.5,Canada,124,Americas,1
-100.5,51.5,Canada,124,Americas,1
-100.5,52.5,Canada,124,Americas,0
-99.5,17.5,Mexico,484,Americas,1
-99.5,18.5,Mexico,484,Americas,9
-99.5,19.5,Mexico,484,Americas,10
-99.5,20.5,Mexico,484,Americas,10
-99.5,21.5,Mexico,484,Americas,7
-99.5,22.5,Mexico,484,Americas,9
-99.5,23.5,Mexico,484,Americas,10
-99.5,24.5,Mexico,484,Americas,10
-99.5,25.5,Mexico,484,Americas,10
-99.5,26.5,Mexico,484,Americas,9
-99.5,27.5,Mexico,484,Americas,2
-99.5,28.5,United States,840,Americas,8
-99.5,29.5,United States,840,Americas,9
-99.5,30.5,United States,840,Americas,1
-99.5,31.5,United States,840,Americas,1
-99.5,32.5,United States,840,Americas,2
-99.5,33.5,United States,840,Americas,8
-99.5,34.5,United States,840,Americas,9
-99.5,35.5,United States,840,Americas,2
-99.5,36.5,United States,840,Americas,6
-99.5,37.5,United States,840,Americas,10
-99.5,38.5,United States,840,Americas,10
-99.5,39.5,United States,840,Americas,7
-99.5,40.5,United States,840,Americas,10
-99.5,41.5,United States,840,Americas,10
-99.5,42.5,United States,840,Americas,10
-99.5,43.5,United States,840,Americas,1
-99.5,44.5,United States,840,Americas,2
-99.5,45.5,United States,840,Americas,0
-99.5,46.5,United States,840,Americas,0
-99.5,47.5,United States,840,Americas,0
-99.5,48.5,United States,840,Americas,1
-99.5,49.5,Canada,124,Americas,6
-99.5,50.5,Canada,124,Americas,0
-99.5,51.5,Canada,124,Americas,0
-98.5,16.5,Mexico,484,Americas,7
-98.5,17.5,Mexico,484,Americas,2
-98.5,18.5,Mexico,484,Americas,9
-98.5,19.5,Mexico,484,Americas,9
-98.5,20.5,Mexico,484,Americas,10
-98.5,21.5,Mexico,484,Americas,10
-98.5,22.5,Mexico,484,Americas,10
-98.5,23.5,Mexico,484,Americas,10
-98.5,24.5,Mexico,484,Americas,10
-98.5,25.5,Mexico,484,Americas,10
-98.5,26.5,United States,840,Americas,10
-98.5,27.5,United States,840,Americas,2
-98.5,28.5,United States,840,Americas,7
-98.5,29.5,United States,840,Americas,8
-98.5,30.5,United States,840,Americas,0
-98.5,31.5,United States,840,Americas,5
-98.5,32.5,United States,840,Americas,6
-98.5,33.5,United States,840,Americas,0
-98.5,34.5,United States,840,Americas,6
-98.5,35.5,United States,840,Americas,8
-98.5,36.5,United States,840,Americas,2
-98.5,37.5,United States,840,Americas,10
-98.5,38.5,United States,840,Americas,10
-98.5,39.5,United States,840,Americas,8
-98.5,40.5,United States,840,Americas,10
-98.5,41.5,United States,840,Americas,10
-98.5,42.5,United States,840,Americas,10
-98.5,43.5,United States,840,Americas,1
-98.5,44.5,United States,840,Americas,4
-98.5,45.5,United States,840,Americas,1
-98.5,46.5,United States,840,Americas,3
-98.5,47.5,United States,840,Americas,0
-98.5,48.5,United States,840,Americas,1
-98.5,49.5,Canada,124,Americas,4
-98.5,50.5,Canada,124,Americas,0
-98.5,51.5,Canada,124,Americas,0
-97.5,16.5,Mexico,484,Americas,6
-97.5,17.5,Mexico,484,Americas,2
-97.5,18.5,Mexico,484,Americas,10
-97.5,19.5,Mexico,484,Americas,8
-97.5,20.5,Mexico,484,Americas,1
-97.5,25.5,Mexico,484,Americas,10
-97.5,26.5,United States,840,Americas,10
-97.5,27.5,United States,840,Americas,3
-97.5,28.5,United States,840,Americas,2
-97.5,29.5,United States,840,Americas,3
-97.5,30.5,United States,840,Americas,1
-97.5,31.5,United States,840,Americas,1
-97.5,32.5,United States,840,Americas,2
-97.5,33.5,United States,840,Americas,1
-97.5,34.5,United States,840,Americas,0
-97.5,35.5,United States,840,Americas,2
-97.5,36.5,United States,840,Americas,1
-97.5,37.5,United States,840,Americas,9
-97.5,38.5,United States,840,Americas,8
-97.5,39.5,United States,840,Americas,8
-97.5,40.5,United States,840,Americas,10
-97.5,41.5,United States,840,Americas,10
-97.5,42.5,United States,840,Americas,10
-97.5,43.5,United States,840,Americas,7
-97.5,44.5,United States,840,Americas,2
-97.5,45.5,United States,840,Americas,0
-97.5,46.5,United States,840,Americas,5
-97.5,47.5,United States,840,Americas,0
-97.5,48.5,United States,840,Americas,1
-97.5,49.5,Canada,124,Americas,2
-97.5,50.5,Canada,124,Americas,0
-97.5,51.5,Canada,124,Americas,0
-96.5,16.5,Mexico,484,Americas,9
-96.5,17.5,Mexico,484,Americas,6
-96.5,18.5,Mexico,484,Americas,9
-96.5,19.5,Mexico,484,Americas,10
-96.5,29.5,United States,840,Americas,10
-96.5,30.5,United States,840,Americas,9
-96.5,31.5,United States,840,Americas,2
-96.5,32.5,United States,840,Americas,2
-96.5,33.5,United States,840,Americas,3
-96.5,34.5,United States,840,Americas,0
-96.5,35.5,United States,840,Americas,0
-96.5,36.5,United States,840,Americas,0
-96.5,37.5,United States,840,Americas,0
-96.5,38.5,United States,840,Americas,0
-96.5,39.5,United States,840,Americas,6
-96.5,40.5,United States,840,Americas,9
-96.5,41.5,United States,840,Americas,9
-96.5,42.5,United States,840,Americas,8
-96.5,43.5,United States,840,Americas,2
-96.5,44.5,United States,840,Americas,1
-96.5,45.5,United States,840,Americas,5
-96.5,46.5,United States,840,Americas,4
-96.5,47.5,United States,840,Americas,0
-96.5,48.5,United States,840,Americas,0
-96.5,49.5,Canada,124,Americas,0
-96.5,50.5,Canada,124,Americas,0
-96.5,51.5,Canada,124,Americas,0
-95.5,16.5,Mexico,484,Americas,8
-95.5,17.5,Mexico,484,Americas,1
-95.5,18.5,Mexico,484,Americas,2
-95.5,29.5,United States,840,Americas,9
-95.5,30.5,United States,840,Americas,2
-95.5,31.5,United States,840,Americas,2
-95.5,32.5,United States,840,Americas,2
-95.5,33.5,United States,840,Americas,2
-95.5,34.5,United States,840,Americas,1
-95.5,35.5,United States,840,Americas,2
-95.5,36.5,United States,840,Americas,0
-95.5,37.5,United States,840,Americas,0
-95.5,38.5,United States,840,Americas,0
-95.5,39.5,United States,840,Americas,5
-95.5,40.5,United States,840,Americas,6
-95.5,41.5,United States,840,Americas,6
-95.5,42.5,United States,840,Americas,5
-95.5,43.5,United States,840,Americas,0
-95.5,44.5,United States,840,Americas,0
-95.5,45.5,United States,840,Americas,7
-95.5,46.5,United States,840,Americas,7
-95.5,47.5,United States,840,Americas,0
-95.5,48.5,United States,840,Americas,0
-95.5,49.5,Canada,124,Americas,0
-95.5,50.5,Canada,124,Americas,0
-94.5,16.5,Mexico,484,Americas,5
-94.5,17.5,Mexico,484,Americas,2
-94.5,30.5,United States,840,Americas,2
-94.5,31.5,United States,840,Americas,0
-94.5,32.5,United States,840,Americas,2
-94.5,33.5,United States,840,Americas,2
-94.5,34.5,United States,840,Americas,0
-94.5,35.5,United States,840,Americas,1
-94.5,36.5,United States,840,Americas,0
-94.5,37.5,United States,840,Americas,6
-94.5,38.5,United States,840,Americas,0
-94.5,39.5,United States,840,Americas,0
-94.5,40.5,United States,840,Americas,0
-94.5,41.5,United States,840,Americas,1
-94.5,42.5,United States,840,Americas,1
-94.5,43.5,United States,840,Americas,1
-94.5,44.5,United States,840,Americas,0
-94.5,45.5,United States,840,Americas,7
-94.5,46.5,United States,840,Americas,7
-94.5,47.5,United States,840,Americas,0
-94.5,48.5,United States,840,Americas,0
-94.5,49.5,Canada,124,Americas,0
-93.5,16.5,Mexico,484,Americas,5
-93.5,17.5,Mexico,484,Americas,2
-93.5,30.5,United States,840,Americas,9
-93.5,31.5,United States,840,Americas,1
-93.5,32.5,United States,840,Americas,2
-93.5,33.5,United States,840,Americas,6
-93.5,34.5,United States,840,Americas,0
-93.5,35.5,United States,840,Americas,1
-93.5,36.5,United States,840,Americas,0
-93.5,37.5,United States,840,Americas,0
-93.5,38.5,United States,840,Americas,0
-93.5,39.5,United States,840,Americas,0
-93.5,40.5,United States,840,Americas,0
-93.5,41.5,United States,840,Americas,0
-93.5,42.5,United States,840,Americas,1
-93.5,43.5,United States,840,Americas,1
-93.5,44.5,United States,840,Americas,3
-93.5,45.5,United States,840,Americas,7
-93.5,46.5,United States,840,Americas,0
-93.5,47.5,United States,840,Americas,0
-93.5,48.5,United States,840,Americas,0
-93.5,49.5,Canada,124,Americas,0
-92.5,15.5,Mexico,484,Americas,4
-92.5,16.5,Mexico,484,Americas,9
-92.5,17.5,Mexico,484,Americas,1
-92.5,18.5,Mexico,484,Americas,2
-92.5,30.5,United States,840,Americas,10
-92.5,31.5,United States,840,Americas,4
-92.5,32.5,United States,840,Americas,2
-92.5,33.5,United States,840,Americas,0
-92.5,34.5,United States,840,Americas,10
-92.5,35.5,United States,840,Americas,2
-92.5,36.5,United States,840,Americas,0
-92.5,37.5,United States,840,Americas,0
-92.5,38.5,United States,840,Americas,0
-92.5,39.5,United States,840,Americas,4
-92.5,40.5,United States,840,Americas,0
-92.5,41.5,United States,840,Americas,0
-92.5,42.5,United States,840,Americas,0
-92.5,43.5,United States,840,Americas,0
-92.5,44.5,United States,840,Americas,7
-92.5,45.5,United States,840,Americas,1
-92.5,46.5,United States,840,Americas,0
-92.5,47.5,United States,840,Americas,0
-92.5,48.5,Canada,124,Americas,0
-91.5,14.5,Guatemala,320,Americas,9
-91.5,15.5,Guatemala,320,Americas,1
-91.5,16.5,Mexico,484,Americas,0
-91.5,17.5,Mexico,484,Americas,6
-91.5,30.5,United States,840,Americas,7
-91.5,31.5,United States,840,Americas,8
-91.5,32.5,United States,840,Americas,10
-91.5,33.5,United States,840,Americas,10
-91.5,34.5,United States,840,Americas,10
-91.5,35.5,United States,840,Americas,10
-91.5,36.5,United States,840,Americas,8
-91.5,37.5,United States,840,Americas,0
-91.5,38.5,United States,840,Americas,0
-91.5,39.5,United States,840,Americas,5
-91.5,40.5,United States,840,Americas,0
-91.5,41.5,United States,840,Americas,0
-91.5,42.5,United States,840,Americas,0
-91.5,43.5,United States,840,Americas,0
-91.5,44.5,United States,840,Americas,5
-91.5,45.5,United States,840,Americas,1
-91.5,46.5,United States,840,Americas,0
-91.5,47.5,United States,840,Americas,0
-90.5,14.5,Guatemala,320,Americas,9
-90.5,15.5,Guatemala,320,Americas,1
-90.5,16.5,Guatemala,320,Americas,0
-90.5,17.5,Guatemala,320,Americas,0
-90.5,18.5,Mexico,484,Americas,0
-90.5,19.5,Mexico,484,Americas,5
-90.5,29.5,United States,840,Americas,1
-90.5,30.5,United States,840,Americas,0
-90.5,31.5,United States,840,Americas,0
-90.5,32.5,United States,840,Americas,10
-90.5,33.5,United States,840,Americas,10
-90.5,34.5,United States,840,Americas,10
-90.5,35.5,United States,840,Americas,10
-90.5,36.5,United States,840,Americas,10
-90.5,37.5,United States,840,Americas,0
-90.5,38.5,United States,840,Americas,1
-90.5,39.5,United States,840,Americas,5
-90.5,40.5,United States,840,Americas,6
-90.5,41.5,United States,840,Americas,7
-90.5,42.5,United States,840,Americas,0
-90.5,43.5,United States,840,Americas,0
-90.5,44.5,United States,840,Americas,0
-90.5,45.5,United States,840,Americas,0
-90.5,46.5,United States,840,Americas,0
-90.5,47.5,United States,840,Americas,0
-89.5,14.5,Guatemala,320,Americas,8
-89.5,15.5,Guatemala,320,Americas,7
-89.5,16.5,Guatemala,320,Americas,0
-89.5,17.5,Guatemala,320,Americas,0
-89.5,18.5,Mexico,484,Americas,0
-89.5,19.5,Mexico,484,Americas,0
-89.5,20.5,Mexico,484,Americas,7
-89.5,30.5,United States,840,Americas,0
-89.5,31.5,United States,840,Americas,2
-89.5,32.5,United States,840,Americas,0
-89.5,33.5,United States,840,Americas,3
-89.5,34.5,United States,840,Americas,8
-89.5,35.5,United States,840,Americas,10
-89.5,36.5,United States,840,Americas,10
-89.5,37.5,United States,840,Americas,10
-89.5,38.5,United States,840,Americas,1
-89.5,39.5,United States,840,Americas,0
-89.5,40.5,United States,840,Americas,8
-89.5,41.5,United States,840,Americas,7
-89.5,42.5,United States,840,Americas,1
-89.5,43.5,United States,840,Americas,7
-89.5,44.5,United States,840,Americas,8
-89.5,45.5,United States,840,Americas,0
-89.5,46.5,United States,840,Americas,0
-89.5,48.5,Canada,124,Americas,0
-88.5,13.5,El Salvador,222,Americas,3
-88.5,14.5,Honduras,340,Americas,1
-88.5,15.5,Honduras,340,Americas,9
-88.5,16.5,Belize,84,Americas,0
-88.5,17.5,Belize,84,Americas,0
-88.5,18.5,Mexico,484,Americas,7
-88.5,19.5,Mexico,484,Americas,1
-88.5,20.5,Mexico,484,Americas,1
-88.5,21.5,Mexico,484,Americas,3
-88.5,30.5,United States,840,Americas,1
-88.5,31.5,United States,840,Americas,0
-88.5,32.5,United States,840,Americas,0
-88.5,33.5,United States,840,Americas,3
-88.5,34.5,United States,840,Americas,0
-88.5,35.5,United States,840,Americas,0
-88.5,36.5,United States,840,Americas,1
-88.5,37.5,United States,840,Americas,7
-88.5,38.5,United States,840,Americas,1
-88.5,39.5,United States,840,Americas,0
-88.5,40.5,United States,840,Americas,0
-88.5,41.5,United States,840,Americas,0
-88.5,42.5,United States,840,Americas,4
-88.5,43.5,United States,840,Americas,0
-88.5,44.5,United States,840,Americas,0
-88.5,45.5,United States,840,Americas,0
-88.5,46.5,United States,840,Americas,0
-88.5,47.5,United States,840,Americas,0
-88.5,48.5,Canada,124,Americas,0
-87.5,13.5,Honduras,340,Americas,7
-87.5,14.5,Honduras,340,Americas,6
-87.5,15.5,Honduras,340,Americas,9
-87.5,19.5,Mexico,484,Americas,0
-87.5,20.5,Mexico,484,Americas,0
-87.5,30.5,United States,840,Americas,2
-87.5,31.5,United States,840,Americas,0
-87.5,32.5,United States,840,Americas,0
-87.5,33.5,United States,840,Americas,0
-87.5,34.5,United States,840,Americas,0
-87.5,35.5,United States,840,Americas,0
-87.5,36.5,United States,840,Americas,0
-87.5,37.5,United States,840,Americas,1
-87.5,38.5,United States,840,Americas,8
-87.5,39.5,United States,840,Americas,0
-87.5,40.5,United States,840,Americas,3
-87.5,41.5,United States,840,Americas,7
-87.5,42.5,United States,840,Americas,0
-87.5,43.5,United States,840,Americas,0
-87.5,44.5,United States,840,Americas,0
-87.5,45.5,United States,840,Americas,0
-87.5,46.5,United States,840,Americas,0
-86.5,12.5,Nicaragua,558,Americas,8
-86.5,13.5,Nicaragua,558,Americas,4
-86.5,14.5,Honduras,340,Americas,1
-86.5,15.5,Honduras,340,Americas,2
-86.5,30.5,United States,840,Americas,1
-86.5,31.5,United States,840,Americas,1
-86.5,32.5,United States,840,Americas,0
-86.5,33.5,United States,840,Americas,1
-86.5,34.5,United States,840,Americas,0
-86.5,35.5,United States,840,Americas,0
-86.5,36.5,United States,840,Americas,0
-86.5,37.5,United States,840,Americas,0
-86.5,38.5,United States,840,Americas,1
-86.5,39.5,United States,840,Americas,0
-86.5,40.5,United States,840,Americas,4
-86.5,41.5,United States,840,Americas,7
-86.5,42.5,United States,840,Americas,3
-86.5,43.5,United States,840,Americas,1
-86.5,44.5,United States,840,Americas,0
-86.5,45.5,United States,840,Americas,0
-86.5,46.5,United States,840,Americas,0
-85.5,10.5,Costa Rica,188,Americas,9
-85.5,11.5,Nicaragua,558,Americas,8
-85.5,12.5,Nicaragua,558,Americas,5
-85.5,13.5,Nicaragua,558,Americas,0
-85.5,14.5,Honduras,340,Americas,0
-85.5,15.5,Honduras,340,Americas,0
-85.5,30.5,United States,840,Americas,4
-85.5,31.5,United States,840,Americas,9
-85.5,32.5,United States,840,Americas,1
-85.5,33.5,United States,840,Americas,0
-85.5,34.5,United States,840,Americas,0
-85.5,35.5,United States,840,Americas,0
-85.5,36.5,United States,840,Americas,0
-85.5,37.5,United States,840,Americas,0
-85.5,38.5,United States,840,Americas,1
-85.5,39.5,United States,840,Americas,0
-85.5,40.5,United States,840,Americas,0
-85.5,41.5,United States,840,Americas,9
-85.5,42.5,United States,840,Americas,9
-85.5,43.5,United States,840,Americas,7
-85.5,44.5,United States,840,Americas,0
-85.5,45.5,United States,840,Americas,0
-85.5,46.5,United States,840,Americas,0
-84.5,10.5,Costa Rica,188,Americas,6
-84.5,11.5,Nicaragua,558,Americas,0
-84.5,12.5,Nicaragua,558,Americas,0
-84.5,13.5,Nicaragua,558,Americas,0
-84.5,14.5,Nicaragua,558,Americas,0
-84.5,15.5,Honduras,340,Americas,0
-84.5,30.5,United States,840,Americas,10
-84.5,31.5,United States,840,Americas,10
-84.5,32.5,United States,840,Americas,8
-84.5,33.5,United States,840,Americas,1
-84.5,34.5,United States,840,Americas,0
-84.5,35.5,United States,840,Americas,0
-84.5,36.5,United States,840,Americas,0
-84.5,37.5,United States,840,Americas,0
-84.5,38.5,United States,840,Americas,0
-84.5,39.5,United States,840,Americas,0
-84.5,40.5,United States,840,Americas,0
-84.5,41.5,United States,840,Americas,2
-84.5,42.5,United States,840,Americas,1
-84.5,43.5,United States,840,Americas,4
-84.5,44.5,United States,840,Americas,0
-84.5,45.5,United States,840,Americas,0
-84.5,46.5,Canada,124,Americas,0
-83.5,8.5,Costa Rica,188,Americas,6
-83.5,9.5,Costa Rica,188,Americas,5
-83.5,10.5,Costa Rica,188,Americas,0
-83.5,14.5,Nicaragua,558,Americas,1
-83.5,22.5,Cuba,192,Americas,10
-83.5,30.5,United States,840,Americas,8
-83.5,31.5,United States,840,Americas,10
-83.5,32.5,United States,840,Americas,9
-83.5,33.5,United States,840,Americas,1
-83.5,34.5,United States,840,Americas,0
-83.5,35.5,United States,840,Americas,0
-83.5,36.5,United States,840,Americas,0
-83.5,37.5,United States,840,Americas,0
-83.5,38.5,United States,840,Americas,0
-83.5,39.5,United States,840,Americas,1
-83.5,40.5,United States,840,Americas,0
-83.5,41.5,United States,840,Americas,0
-83.5,42.5,United States,840,Americas,1
-83.5,43.5,United States,840,Americas,0
-83.5,44.5,United States,840,Americas,0
-83.5,45.5,United States,840,Americas,0
-83.5,46.5,Canada,124,Americas,0
-82.5,8.5,Panama,591,Americas,8
-82.5,9.5,Panama,591,Americas,0
-82.5,27.5,United States,840,Americas,9
-82.5,28.5,United States,840,Americas,5
-82.5,29.5,United States,840,Americas,7
-82.5,30.5,United States,840,Americas,3
-82.5,31.5,United States,840,Americas,8
-82.5,32.5,United States,840,Americas,8
-82.5,33.5,United States,840,Americas,3
-82.5,34.5,United States,840,Americas,0
-82.5,35.5,United States,840,Americas,0
-82.5,36.5,United States,840,Americas,0
-82.5,37.5,United States,840,Americas,0
-82.5,38.5,United States,840,Americas,0
-82.5,39.5,United States,840,Americas,0
-82.5,40.5,United States,840,Americas,0
-82.5,41.5,United States,840,Americas,0
-82.5,42.5,Canada,124,Americas,3
-82.5,43.5,United States,840,Americas,0
-82.5,44.5,United States,840,Americas,0
-82.5,45.5,Canada,124,Americas,0
-82.5,46.5,Canada,124,Americas,0
-81.5,8.5,Panama,591,Americas,1
-81.5,22.5,Cuba,192,Americas,10
-81.5,26.5,United States,840,Americas,10
-81.5,27.5,United States,840,Americas,10
-81.5,28.5,United States,840,Americas,8
-81.5,29.5,United States,840,Americas,7
-81.5,30.5,United States,840,Americas,2
-81.5,31.5,United States,840,Americas,2
-81.5,32.5,United States,840,Americas,8
-81.5,33.5,United States,840,Americas,7
-81.5,34.5,United States,840,Americas,0
-81.5,35.5,United States,840,Americas,0
-81.5,36.5,United States,840,Americas,0
-81.5,37.5,United States,840,Americas,0
-81.5,38.5,United States,840,Americas,0
-81.5,39.5,United States,840,Americas,0
-81.5,40.5,United States,840,Americas,0
-81.5,41.5,United States,840,Americas,0
-81.5,42.5,Canada,124,Americas,1
-81.5,43.5,Canada,124,Americas,1
-81.5,44.5,Canada,124,Americas,0
-81.5,45.5,Canada,124,Americas,0
-81.5,46.5,Canada,124,Americas,0
-81.5,48.5,Canada,124,Americas,0
-80.5,-5.5,Peru,604,Americas,10
-80.5,-4.5,Peru,604,Americas,10
-80.5,-3.5,Peru,604,Americas,8
-80.5,-2.5,Ecuador,218,Americas,9
-80.5,-1.5,Ecuador,218,Americas,8
-80.5,7.5,Panama,591,Americas,2
-80.5,8.5,Panama,591,Americas,9
-80.5,22.5,Cuba,192,Americas,9
-80.5,25.5,United States,840,Americas,8
-80.5,26.5,United States,840,Americas,10
-80.5,27.5,United States,840,Americas,10
-80.5,33.5,United States,840,Americas,6
-80.5,34.5,United States,840,Americas,1
-80.5,35.5,United States,840,Americas,0
-80.5,36.5,United States,840,Americas,0
-80.5,37.5,United States,840,Americas,0
-80.5,38.5,United States,840,Americas,0
-80.5,39.5,United States,840,Americas,0
-80.5,40.5,United States,840,Americas,0
-80.5,41.5,United States,840,Americas,0
-80.5,42.5,Canada,124,Americas,6
-80.5,43.5,Canada,124,Americas,3
-80.5,44.5,Canada,124,Americas,0
-80.5,46.5,Canada,124,Americas,0
-80.5,48.5,Canada,124,Americas,0
-79.5,-7.5,Peru,604,Americas,10
-79.5,-6.5,Peru,604,Americas,10
-79.5,-5.5,Peru,604,Americas,9
-79.5,-4.5,Ecuador,218,Americas,8
-79.5,-3.5,Ecuador,218,Americas,9
-79.5,-2.5,Ecuador,218,Americas,10
-79.5,-1.5,Ecuador,218,Americas,7
-79.5,-0.5,Ecuador,218,Americas,8
-79.5,0.5,Ecuador,218,Americas,3
-79.5,9.5,Panama,591,Americas,1
-79.5,22.5,Cuba,192,Americas,8
-79.5,33.5,United States,840,Americas,1
-79.5,34.5,United States,840,Americas,2
-79.5,35.5,United States,840,Americas,0
-79.5,36.5,United States,840,Americas,0
-79.5,37.5,United States,840,Americas,0
-79.5,38.5,United States,840,Americas,0
-79.5,39.5,United States,840,Americas,0
-79.5,40.5,United States,840,Americas,0
-79.5,41.5,United States,840,Americas,0
-79.5,42.5,United States,840,Americas,0
-79.5,43.5,Canada,124,Americas,3
-79.5,44.5,Canada,124,Americas,2
-79.5,45.5,Canada,124,Americas,0
-79.5,46.5,Canada,124,Americas,0
-79.5,47.5,Canada,124,Americas,0
-79.5,48.5,Canada,124,Americas,0
-79.5,49.5,Canada,124,Americas,0
-78.5,-8.5,Peru,604,Americas,8
-78.5,-7.5,Peru,604,Americas,8
-78.5,-6.5,Peru,604,Americas,8
-78.5,-5.5,Peru,604,Americas,9
-78.5,-4.5,Peru,604,Americas,0
-78.5,-3.5,Ecuador,218,Americas,1
-78.5,-2.5,Ecuador,218,Americas,7
-78.5,-1.5,Ecuador,218,Americas,8
-78.5,-0.5,Ecuador,218,Americas,8
-78.5,0.5,Ecuador,218,Americas,8
-78.5,1.5,Colombia,170,Americas,1
-78.5,21.5,Cuba,192,Americas,9
-78.5,22.5,Cuba,192,Americas,5
-78.5,34.5,United States,840,Americas,4
-78.5,35.5,United States,840,Americas,6
-78.5,36.5,United States,840,Americas,0
-78.5,37.5,United States,840,Americas,0
-78.5,38.5,United States,840,Americas,0
-78.5,39.5,United States,840,Americas,0
-78.5,40.5,United States,840,Americas,0
-78.5,41.5,United States,840,Americas,0
-78.5,42.5,United States,840,Americas,0
-78.5,43.5,United States,840,Americas,0
-78.5,44.5,Canada,124,Americas,0
-78.5,45.5,Canada,124,Americas,0
-78.5,47.5,Canada,124,Americas,0
-78.5,48.5,Canada,124,Americas,0
-77.5,-10.5,Peru,604,Americas,8
-77.5,-9.5,Peru,604,Americas,8
-77.5,-8.5,Peru,604,Americas,7
-77.5,-7.5,Peru,604,Americas,7
-77.5,-6.5,Peru,604,Americas,3
-77.5,-5.5,Peru,604,Americas,2
-77.5,-2.5,Ecuador,218,Americas,0
-77.5,-1.5,Ecuador,218,Americas,0
-77.5,-0.5,Ecuador,218,Americas,0
-77.5,0.5,Ecuador,218,Americas,5
-77.5,1.5,Colombia,170,Americas,2
-77.5,2.5,Colombia,170,Americas,3
-77.5,7.5,Colombia,170,Americas,0
-77.5,8.5,Panama,591,Americas,0
-77.5,21.5,Cuba,192,Americas,2
-77.5,34.5,United States,840,Americas,1
-77.5,35.5,United States,840,Americas,7
-77.5,36.5,United States,840,Americas,1
-77.5,37.5,United States,840,Americas,0
-77.5,38.5,United States,840,Americas,0
-77.5,39.5,United States,840,Americas,0
-77.5,40.5,United States,840,Americas,0
-77.5,41.5,United States,840,Americas,0
-77.5,42.5,United States,840,Americas,0
-77.5,43.5,United States,840,Americas,0
-77.5,44.5,Canada,124,Americas,0
-77.5,45.5,Canada,124,Americas,0
-77.5,46.5,Canada,124,Americas,0
-77.5,48.5,Canada,124,Americas,0
-76.5,-12.5,Peru,604,Americas,7
-76.5,-11.5,Peru,604,Americas,7
-76.5,-10.5,Peru,604,Americas,7
-76.5,-9.5,Peru,604,Americas,8
-76.5,-8.5,Peru,604,Americas,0
-76.5,-7.5,Peru,604,Americas,0
-76.5,-6.5,Peru,604,Americas,2
-76.5,-5.5,Peru,604,Americas,0
-76.5,-4.5,Peru,604,Americas,0
-76.5,-0.5,Ecuador,218,Americas,0
-76.5,0.5,Colombia,170,Americas,0
-76.5,1.5,Colombia,170,Americas,3
-76.5,2.5,Colombia,170,Americas,7
-76.5,3.5,Colombia,170,Americas,9
-76.5,4.5,Colombia,170,Americas,9
-76.5,5.5,Colombia,170,Americas,0
-76.5,6.5,Colombia,170,Americas,0
-76.5,7.5,Colombia,170,Americas,1
-76.5,8.5,Colombia,170,Americas,1
-76.5,20.5,Cuba,192,Americas,9
-76.5,35.5,United States,840,Americas,2
-76.5,36.5,United States,840,Americas,3
-76.5,37.5,United States,840,Americas,1
-76.5,38.5,United States,840,Americas,1
-76.5,39.5,United States,840,Americas,0
-76.5,40.5,United States,840,Americas,0
-76.5,41.5,United States,840,Americas,0
-76.5,42.5,United States,840,Americas,0
-76.5,43.5,United States,840,Americas,0
-76.5,44.5,Canada,124,Americas,0
-76.5,45.5,Canada,124,Americas,0
-76.5,46.5,Canada,124,Americas,0
-75.5,-14.5,Peru,604,Americas,8
-75.5,-13.5,Peru,604,Americas,8
-75.5,-12.5,Peru,604,Americas,7
-75.5,-11.5,Peru,604,Americas,7
-75.5,-10.5,Peru,604,Americas,1
-75.5,-9.5,Peru,604,Americas,1
-75.5,-8.5,Peru,604,Americas,0
-75.5,-7.5,Peru,604,Americas,0
-75.5,-6.5,Peru,604,Americas,0
-75.5,-5.5,Peru,604,Americas,0
-75.5,1.5,Colombia,170,Americas,0
-75.5,2.5,Colombia,170,Americas,9
-75.5,3.5,Colombia,170,Americas,10
-75.5,4.5,Colombia,170,Americas,9
-75.5,5.5,Colombia,170,Americas,1
-75.5,6.5,Colombia,170,Americas,1
-75.5,8.5,Colombia,170,Americas,7
-75.5,9.5,Colombia,170,Americas,7
-75.5,10.5,Colombia,170,Americas,6
-75.5,20.5,Cuba,192,Americas,6
-75.5,38.5,United States,840,Americas,6
-75.5,39.5,United States,840,Americas,8
-75.5,40.5,United States,840,Americas,0
-75.5,41.5,United States,840,Americas,0
-75.5,42.5,United States,840,Americas,0
-75.5,43.5,United States,840,Americas,0
-75.5,44.5,United States,840,Americas,0
-75.5,45.5,Canada,124,Americas,0
-75.5,46.5,Canada,124,Americas,0
-74.5,-15.5,Peru,604,Americas,5
-74.5,-14.5,Peru,604,Americas,8
-74.5,-13.5,Peru,604,Americas,7
-74.5,-12.5,Peru,604,Americas,7
-74.5,-11.5,Peru,604,Americas,1
-74.5,-10.5,Peru,604,Americas,0
-74.5,-9.5,Peru,604,Americas,0
-74.5,-8.5,Peru,604,Americas,0
-74.5,2.5,Colombia,170,Americas,0
-74.5,3.5,Colombia,170,Americas,10
-74.5,4.5,Colombia,170,Americas,9
-74.5,5.5,Colombia,170,Americas,7
-74.5,6.5,Colombia,170,Americas,0
-74.5,7.5,Colombia,170,Americas,0
-74.5,8.5,Colombia,170,Americas,2
-74.5,9.5,Colombia,170,Americas,1
-74.5,10.5,Colombia,170,Americas,8
-74.5,39.5,United States,840,Americas,4
-74.5,40.5,United States,840,Americas,5
-74.5,41.5,United States,840,Americas,1
-74.5,42.5,United States,840,Americas,0
-74.5,43.5,United States,840,Americas,0
-74.5,44.5,United States,840,Americas,0
-74.5,45.5,Canada,124,Americas,0
-74.5,46.5,Canada,124,Americas,0
-73.5,-45.5,Chile,152,Americas,0
-73.5,-41.5,Chile,152,Americas,0
-73.5,-40.5,Chile,152,Americas,0
-73.5,-38.5,Chile,152,Americas,0
-73.5,-37.5,Chile,152,Americas,0
-73.5,-15.5,Peru,604,Americas,4
-73.5,-14.5,Peru,604,Americas,4
-73.5,-13.5,Peru,604,Americas,8
-73.5,-12.5,Peru,604,Americas,0
-73.5,-11.5,Peru,604,Americas,0
-73.5,-8.5,Peru,604,Americas,0
-73.5,-7.5,Brazil,76,Americas,0
-73.5,-4.5,Peru,604,Americas,0
-73.5,-3.5,Peru,604,Americas,0
-73.5,3.5,Colombia,170,Americas,6
-73.5,4.5,Colombia,170,Americas,8
-73.5,5.5,Colombia,170,Americas,7
-73.5,6.5,Colombia,170,Americas,0
-73.5,7.5,Colombia,170,Americas,6
-73.5,8.5,Colombia,170,Americas,6
-73.5,9.5,Colombia,170,Americas,5
-73.5,10.5,Colombia,170,Americas,5
-73.5,18.5,Haiti,332,Americas,1
-73.5,41.5,United States,840,Americas,1
-73.5,42.5,United States,840,Americas,0
-73.5,43.5,United States,840,Americas,0
-73.5,44.5,United States,840,Americas,0
-73.5,45.5,Canada,124,Americas,6
-73.5,46.5,Canada,124,Americas,0
-72.5,-46.5,Chile,152,Americas,0
-72.5,-45.5,Chile,152,Americas,0
-72.5,-44.5,Chile,152,Americas,0
-72.5,-43.5,Chile,152,Americas,0
-72.5,-42.5,Chile,152,Americas,0
-72.5,-41.5,Chile,152,Americas,0
-72.5,-40.5,Chile,152,Americas,2
-72.5,-39.5,Chile,152,Americas,2
-72.5,-38.5,Chile,152,Americas,9
-72.5,-37.5,Chile,152,Americas,9
-72.5,-36.5,Chile,152,Americas,9
-72.5,-35.5,Chile,152,Americas,6
-72.5,-16.5,Peru,604,Americas,4
-72.5,-15.5,Peru,604,Americas,4
-72.5,-14.5,Peru,604,Americas,1
-72.5,-13.5,Peru,604,Americas,7
-72.5,-12.5,Peru,604,Americas,0
-72.5,-11.5,Peru,604,Americas,0
-72.5,-8.5,Brazil,76,Americas,0
-72.5,-7.5,Brazil,76,Americas,0
-72.5,2.5,Colombia,170,Americas,1
-72.5,3.5,Colombia,170,Americas,1
-72.5,4.5,Colombia,170,Americas,1
-72.5,5.5,Colombia,170,Americas,2
-72.5,6.5,Colombia,170,Americas,1
-72.5,7.5,Colombia,170,Americas,5
-72.5,8.5,Venezuela,862,Americas,8
-72.5,9.5,Venezuela,862,Americas,8
-72.5,10.5,Venezuela,862,Americas,7
-72.5,11.5,Colombia,170,Americas,3
-72.5,18.5,Haiti,332,Americas,10
-72.5,19.5,Haiti,332,Americas,10
-72.5,41.5,United States,840,Americas,0
-72.5,42.5,United States,840,Americas,0
-72.5,43.5,United States,840,Americas,0
-72.5,44.5,United States,840,Americas,0
-72.5,45.5,Canada,124,Americas,0
-72.5,46.5,Canada,124,Americas,0
-72.5,47.5,Canada,124,Americas,0
-72.5,48.5,Canada,124,Americas,0
-72.5,49.5,Canada,124,Americas,0
-71.5,-46.5,Argentina,32,Americas,0
-71.5,-45.5,Argentina,32,Americas,0
-71.5,-44.5,Chile,152,Americas,0
-71.5,-43.5,Argentina,32,Americas,0
-71.5,-42.5,Argentina,32,Americas,0
-71.5,-41.5,Argentina,32,Americas,0
-71.5,-40.5,Argentina,32,Americas,0
-71.5,-39.5,Argentina,32,Americas,0
-71.5,-38.5,Chile,152,Americas,2
-71.5,-37.5,Chile,152,Americas,7
-71.5,-36.5,Chile,152,Americas,9
-71.5,-35.5,Chile,152,Americas,10
-71.5,-34.5,Chile,152,Americas,9
-71.5,-33.5,Chile,152,Americas,9
-71.5,-31.5,Chile,152,Americas,4
-71.5,-30.5,Chile,152,Americas,9
-71.5,-16.5,Peru,604,Americas,8
-71.5,-15.5,Peru,604,Americas,3
-71.5,-14.5,Peru,604,Americas,2
-71.5,-13.5,Peru,604,Americas,4
-71.5,-12.5,Peru,604,Americas,0
-71.5,-8.5,Brazil,76,Americas,0
-71.5,-7.5,Brazil,76,Americas,0
-71.5,3.5,Colombia,170,Americas,1
-71.5,4.5,Colombia,170,Americas,0
-71.5,6.5,Colombia,170,Americas,0
-71.5,7.5,Venezuela,862,Americas,0
-71.5,8.5,Venezuela,862,Americas,8
-71.5,18.5,Dominican Republic,214,Americas,9
-71.5,19.5,Dominican Republic,214,Americas,9
-71.5,41.5,United States,840,Americas,1
-71.5,42.5,United States,840,Americas,1
-71.5,43.5,United States,840,Americas,0
-71.5,44.5,United States,840,Americas,0
-71.5,45.5,Canada,124,Americas,0
-71.5,46.5,Canada,124,Americas,0
-71.5,47.5,Canada,124,Americas,0
-71.5,48.5,Canada,124,Americas,0
-70.5,-46.5,Argentina,32,Americas,0
-70.5,-45.5,Argentina,32,Americas,0
-70.5,-44.5,Argentina,32,Americas,0
-70.5,-43.5,Argentina,32,Americas,0
-70.5,-42.5,Argentina,32,Americas,0
-70.5,-41.5,Argentina,32,Americas,0
-70.5,-40.5,Argentina,32,Americas,0
-70.5,-39.5,Argentina,32,Americas,0
-70.5,-38.5,Argentina,32,Americas,0
-70.5,-37.5,Argentina,32,Americas,0
-70.5,-36.5,Argentina,32,Americas,0
-70.5,-35.5,Chile,152,Americas,0
-70.5,-34.5,Chile,152,Americas,9
-70.5,-33.5,Chile,152,Americas,9
-70.5,-32.5,Chile,152,Americas,9
-70.5,-31.5,Argentina,32,Americas,2
-70.5,-30.5,Chile,152,Americas,4
-70.5,-29.5,Chile,152,Americas,1
-70.5,-28.5,Chile,152,Americas,1
-70.5,-27.5,Chile,152,Americas,0
-70.5,-17.5,Peru,604,Americas,6
-70.5,-16.5,Peru,604,Americas,2
-70.5,-15.5,Peru,604,Americas,0
-70.5,-14.5,Peru,604,Americas,1
-70.5,-13.5,Peru,604,Americas,0
-70.5,-12.5,Peru,604,Americas,0
-70.5,-9.5,Brazil,76,Americas,0
-70.5,-8.5,Brazil,76,Americas,0
-70.5,-4.5,Brazil,76,Americas,0
-70.5,-3.5,Colombia,170,Americas,0
-70.5,4.5,Colombia,170,Americas,0
-70.5,5.5,Colombia,170,Americas,0
-70.5,6.5,Colombia,170,Americas,0
-70.5,7.5,Venezuela,862,Americas,2
-70.5,8.5,Venezuela,862,Americas,6
-70.5,9.5,Venezuela,862,Americas,8
-70.5,10.5,Venezuela,862,Americas,5
-70.5,18.5,Dominican Republic,214,Americas,9
-70.5,19.5,Dominican Republic,214,Americas,9
-70.5,43.5,United States,840,Americas,1
-70.5,44.5,United States,840,Americas,0
-70.5,45.5,United States,840,Americas,0
-70.5,46.5,Canada,124,Americas,0
-70.5,47.5,Canada,124,Americas,0
-70.5,48.5,Canada,124,Americas,0
-69.5,-46.5,Argentina,32,Americas,0
-69.5,-45.5,Argentina,32,Americas,0
-69.5,-44.5,Argentina,32,Americas,0
-69.5,-43.5,Argentina,32,Americas,0
-69.5,-42.5,Argentina,32,Americas,0
-69.5,-41.5,Argentina,32,Americas,0
-69.5,-39.5,Argentina,32,Americas,0
-69.5,-38.5,Argentina,32,Americas,0
-69.5,-37.5,Argentina,32,Americas,0
-69.5,-36.5,Argentina,32,Americas,0
-69.5,-35.5,Argentina,32,Americas,0
-69.5,-34.5,Argentina,32,Americas,0
-69.5,-33.5,Argentina,32,Americas,8
-69.5,-32.5,Argentina,32,Americas,0
-69.5,-31.5,Argentina,32,Americas,0
-69.5,-30.5,Argentina,32,Americas,0
-69.5,-28.5,Argentina,32,Americas,0
-69.5,-27.5,Chile,152,Americas,0
-69.5,-18.5,Chile,152,Americas,0
-69.5,-17.5,Bolivia,68,Americas,0
-69.5,-16.5,Peru,604,Americas,0
-69.5,-15.5,Peru,604,Americas,0
-69.5,-14.5,Peru,604,Americas,0
-69.5,-10.5,Brazil,76,Americas,0
-69.5,-8.5,Brazil,76,Americas,0
-69.5,-7.5,Brazil,76,Americas,0
-69.5,-6.5,Brazil,76,Americas,0
-69.5,-4.5,Brazil,76,Americas,0
-69.5,-3.5,Brazil,76,Americas,0
-69.5,4.5,Colombia,170,Americas,0
-69.5,6.5,Venezuela,862,Americas,1
-69.5,7.5,Venezuela,862,Americas,0
-69.5,8.5,Venezuela,862,Americas,9
-69.5,9.5,Venezuela,862,Americas,9
-69.5,10.5,Venezuela,862,Americas,8
-69.5,11.5,Venezuela,862,Americas,1
-69.5,18.5,Dominican Republic,214,Americas,1
-69.5,44.5,United States,840,Americas,0
-69.5,45.5,United States,840,Americas,0
-69.5,46.5,United States,840,Americas,0
-69.5,47.5,Canada,124,Americas,0
-69.5,48.5,Canada,124,Americas,0
-68.5,-45.5,Argentina,32,Americas,0
-68.5,-41.5,Argentina,32,Americas,0
-68.5,-39.5,Argentina,32,Americas,0
-68.5,-38.5,Argentina,32,Americas,6
-68.5,-37.5,Argentina,32,Americas,0
-68.5,-34.5,Argentina,32,Americas,9
-68.5,-33.5,Argentina,32,Americas,9
-68.5,-32.5,Argentina,32,Americas,9
-68.5,-31.5,Argentina,32,Americas,8
-68.5,-30.5,Argentina,32,Americas,0
-68.5,-29.5,Argentina,32,Americas,0
-68.5,-28.5,Argentina,32,Americas,0
-68.5,-22.5,Chile,152,Americas,0
-68.5,-19.5,Bolivia,68,Americas,0
-68.5,-17.5,Bolivia,68,Americas,0
-68.5,-16.5,Bolivia,68,Americas,6
-68.5,-15.5,Bolivia,68,Americas,0
-68.5,-13.5,Bolivia,68,Americas,0
-68.5,-11.5,Bolivia,68,Americas,0
-68.5,-10.5,Brazil,76,Americas,0
-68.5,-9.5,Brazil,76,Americas,0
-68.5,-8.5,Brazil,76,Americas,0
-68.5,-3.5,Brazil,76,Americas,0
-68.5,3.5,Colombia,170,Americas,0
-68.5,4.5,Colombia,170,Americas,0
-68.5,5.5,Colombia,170,Americas,0
-68.5,6.5,Venezuela,862,Americas,1
-68.5,7.5,Venezuela,862,Americas,2
-68.5,8.5,Venezuela,862,Americas,2
-68.5,9.5,Venezuela,862,Americas,9
-68.5,10.5,Venezuela,862,Americas,8
-68.5,18.5,Dominican Republic,214,Americas,3
-68.5,44.5,United States,840,Americas,0
-68.5,45.5,United States,840,Americas,0
-68.5,46.5,United States,840,Americas,0
-68.5,47.5,Canada,124,Americas,0
-68.5,49.5,Canada,124,Americas,0
-67.5,-43.5,Argentina,32,Americas,0
-67.5,-41.5,Argentina,32,Americas,0
-67.5,-39.5,Argentina,32,Americas,6
-67.5,-38.5,Argentina,32,Americas,3
-67.5,-37.5,Argentina,32,Americas,1
-67.5,-36.5,Argentina,32,Americas,1
-67.5,-35.5,Argentina,32,Americas,3
-67.5,-34.5,Argentina,32,Americas,8
-67.5,-33.5,Argentina,32,Americas,2
-67.5,-32.5,Argentina,32,Americas,0
-67.5,-31.5,Argentina,32,Americas,0
-67.5,-30.5,Argentina,32,Americas,0
-67.5,-29.5,Argentina,32,Americas,5
-67.5,-28.5,Argentina,32,Americas,1
-67.5,-27.5,Argentina,32,Americas,2
-67.5,-26.5,Argentina,32,Americas,0
-67.5,-23.5,Chile,152,Americas,0
-67.5,-19.5,Bolivia,68,Americas,0
-67.5,-18.5,Bolivia,68,Americas,1
-67.5,-17.5,Bolivia,68,Americas,0
-67.5,-16.5,Bolivia,68,Americas,0
-67.5,-15.5,Bolivia,68,Americas,0
-67.5,-14.5,Bolivia,68,Americas,0
-67.5,-13.5,Bolivia,68,Americas,0
-67.5,-10.5,Bolivia,68,Americas,0
-67.5,-9.5,Brazil,76,Americas,0
-67.5,-8.5,Brazil,76,Americas,0
-67.5,-7.5,Brazil,76,Americas,0
-67.5,-2.5,Brazil,76,Americas,0
-67.5,3.5,Colombia,170,Americas,0
-67.5,4.5,Venezuela,862,Americas,0
-67.5,5.5,Venezuela,862,Americas,0
-67.5,6.5,Venezuela,862,Americas,1
-67.5,7.5,Venezuela,862,Americas,6
-67.5,8.5,Venezuela,862,Americas,10
-67.5,9.5,Venezuela,862,Americas,8
-67.5,10.5,Venezuela,862,Americas,8
-67.5,45.5,United States,840,Americas,0
-67.5,46.5,Canada,124,Americas,0
-67.5,47.5,Canada,124,Americas,0
-67.5,48.5,Canada,124,Americas,0
-66.5,-41.5,Argentina,32,Americas,0
-66.5,-40.5,Argentina,32,Americas,0
-66.5,-39.5,Argentina,32,Americas,0
-66.5,-38.5,Argentina,32,Americas,0
-66.5,-37.5,Argentina,32,Americas,0
-66.5,-36.5,Argentina,32,Americas,1
-66.5,-35.5,Argentina,32,Americas,1
-66.5,-34.5,Argentina,32,Americas,1
-66.5,-33.5,Argentina,32,Americas,3
-66.5,-32.5,Argentina,32,Americas,1
-66.5,-31.5,Argentina,32,Americas,0
-66.5,-30.5,Argentina,32,Americas,0
-66.5,-29.5,Argentina,32,Americas,4
-66.5,-28.5,Argentina,32,Americas,5
-66.5,-27.5,Argentina,32,Americas,0
-66.5,-26.5,Argentina,32,Americas,0
-66.5,-25.5,Argentina,32,Americas,0
-66.5,-24.5,Argentina,32,Americas,0
-66.5,-22.5,Argentina,32,Americas,0
-66.5,-21.5,Bolivia,68,Americas,0
-66.5,-20.5,Bolivia,68,Americas,0
-66.5,-19.5,Bolivia,68,Americas,0
-66.5,-18.5,Bolivia,68,Americas,5
-66.5,-17.5,Bolivia,68,Americas,7
-66.5,-16.5,Bolivia,68,Americas,2
-66.5,-15.5,Bolivia,68,Americas,0
-66.5,-14.5,Bolivia,68,Americas,0
-66.5,-13.5,Bolivia,68,Americas,0
-66.5,-12.5,Bolivia,68,Americas,0
-66.5,-11.5,Bolivia,68,Americas,0
-66.5,-10.5,Bolivia,68,Americas,0
-66.5,-9.5,Brazil,76,Americas,0
-66.5,-8.5,Brazil,76,Americas,0
-66.5,-4.5,Brazil,76,Americas,0
-66.5,-2.5,Brazil,76,Americas,0
-66.5,5.5,Venezuela,862,Americas,0
-66.5,7.5,Venezuela,862,Americas,1
-66.5,8.5,Venezuela,862,Americas,2
-66.5,9.5,Venezuela,862,Americas,6
-66.5,10.5,Venezuela,862,Americas,1
-66.5,45.5,Canada,124,Americas,0
-66.5,46.5,Canada,124,Americas,0
-66.5,47.5,Canada,124,Americas,0
-66.5,48.5,Canada,124,Americas,0
-65.5,-43.5,Argentina,32,Americas,6
-65.5,-40.5,Argentina,32,Americas,0
-65.5,-39.5,Argentina,32,Americas,8
-65.5,-38.5,Argentina,32,Americas,0
-65.5,-37.5,Argentina,32,Americas,0
-65.5,-36.5,Argentina,32,Americas,0
-65.5,-35.5,Argentina,32,Americas,1
-65.5,-34.5,Argentina,32,Americas,3
-65.5,-33.5,Argentina,32,Americas,4
-65.5,-32.5,Argentina,32,Americas,4
-65.5,-31.5,Argentina,32,Americas,8
-65.5,-30.5,Argentina,32,Americas,1
-65.5,-29.5,Argentina,32,Americas,0
-65.5,-28.5,Argentina,32,Americas,8
-65.5,-27.5,Argentina,32,Americas,9
-65.5,-26.5,Argentina,32,Americas,10
-65.5,-25.5,Argentina,32,Americas,8
-65.5,-24.5,Argentina,32,Americas,10
-65.5,-23.5,Argentina,32,Americas,0
-65.5,-22.5,Argentina,32,Americas,0
-65.5,-21.5,Bolivia,68,Americas,0
-65.5,-20.5,Bolivia,68,Americas,0
-65.5,-19.5,Bolivia,68,Americas,3
-65.5,-18.5,Bolivia,68,Americas,0
-65.5,-17.5,Bolivia,68,Americas,8
-65.5,-16.5,Bolivia,68,Americas,0
-65.5,-15.5,Bolivia,68,Americas,0
-65.5,-14.5,Bolivia,68,Americas,0
-65.5,-13.5,Bolivia,68,Americas,0
-65.5,-12.5,Bolivia,68,Americas,0
-65.5,-11.5,Bolivia,68,Americas,0
-65.5,-10.5,Bolivia,68,Americas,0
-65.5,-9.5,Brazil,76,Americas,0
-65.5,0.5,Brazil,76,Americas,0
-65.5,5.5,Venezuela,862,Americas,0
-65.5,6.5,Venezuela,862,Americas,0
-65.5,7.5,Venezuela,862,Americas,1
-65.5,8.5,Venezuela,862,Americas,1
-65.5,9.5,Venezuela,862,Americas,5
-65.5,44.5,Canada,124,Americas,0
-65.5,45.5,Canada,124,Americas,0
-65.5,46.5,Canada,124,Americas,0
-65.5,47.5,Canada,124,Americas,0
-65.5,48.5,Canada,124,Americas,0
-64.5,-40.5,Argentina,32,Americas,2
-64.5,-39.5,Argentina,32,Americas,0
-64.5,-38.5,Argentina,32,Americas,0
-64.5,-37.5,Argentina,32,Americas,1
-64.5,-36.5,Argentina,32,Americas,1
-64.5,-35.5,Argentina,32,Americas,2
-64.5,-34.5,Argentina,32,Americas,2
-64.5,-33.5,Argentina,32,Americas,3
-64.5,-32.5,Argentina,32,Americas,4
-64.5,-31.5,Argentina,32,Americas,10
-64.5,-30.5,Argentina,32,Americas,9
-64.5,-29.5,Argentina,32,Americas,0
-64.5,-28.5,Argentina,32,Americas,3
-64.5,-27.5,Argentina,32,Americas,9
-64.5,-26.5,Argentina,32,Americas,7
-64.5,-25.5,Argentina,32,Americas,10
-64.5,-24.5,Argentina,32,Americas,10
-64.5,-23.5,Argentina,32,Americas,10
-64.5,-22.5,Argentina,32,Americas,1
-64.5,-21.5,Bolivia,68,Americas,3
-64.5,-20.5,Bolivia,68,Americas,1
-64.5,-19.5,Bolivia,68,Americas,0
-64.5,-18.5,Bolivia,68,Americas,2
-64.5,-17.5,Bolivia,68,Americas,3
-64.5,-16.5,Bolivia,68,Americas,0
-64.5,-15.5,Bolivia,68,Americas,0
-64.5,-14.5,Bolivia,68,Americas,0
-64.5,-13.5,Bolivia,68,Americas,0
-64.5,-12.5,Bolivia,68,Americas,0
-64.5,-11.5,Brazil,76,Americas,0
-64.5,-10.5,Brazil,76,Americas,0
-64.5,-9.5,Brazil,76,Americas,0
-64.5,-8.5,Brazil,76,Americas,0
-64.5,-7.5,Brazil,76,Americas,0
-64.5,7.5,Venezuela,862,Americas,1
-64.5,8.5,Venezuela,862,Americas,2
-64.5,9.5,Venezuela,862,Americas,1
-64.5,44.5,Canada,124,Americas,0
-64.5,45.5,Canada,124,Americas,0
-64.5,48.5,Canada,124,Americas,0
-63.5,-40.5,Argentina,32,Americas,4
-63.5,-39.5,Argentina,32,Americas,0
-63.5,-38.5,Argentina,32,Americas,1
-63.5,-37.5,Argentina,32,Americas,1
-63.5,-36.5,Argentina,32,Americas,1
-63.5,-35.5,Argentina,32,Americas,1
-63.5,-34.5,Argentina,32,Americas,1
-63.5,-33.5,Argentina,32,Americas,3
-63.5,-32.5,Argentina,32,Americas,6
-63.5,-31.5,Argentina,32,Americas,6
-63.5,-30.5,Argentina,32,Americas,1
-63.5,-29.5,Argentina,32,Americas,1
-63.5,-28.5,Argentina,32,Americas,3
-63.5,-27.5,Argentina,32,Americas,7
-63.5,-26.5,Argentina,32,Americas,0
-63.5,-25.5,Argentina,32,Americas,3
-63.5,-24.5,Argentina,32,Americas,3
-63.5,-23.5,Argentina,32,Americas,2
-63.5,-22.5,Argentina,32,Americas,1
-63.5,-21.5,Bolivia,68,Americas,5
-63.5,-20.5,Bolivia,68,Americas,2
-63.5,-19.5,Bolivia,68,Americas,1
-63.5,-18.5,Bolivia,68,Americas,4
-63.5,-17.5,Bolivia,68,Americas,1
-63.5,-16.5,Bolivia,68,Americas,2
-63.5,-15.5,Bolivia,68,Americas,0
-63.5,-13.5,Bolivia,68,Americas,0
-63.5,-12.5,Brazil,76,Americas,0
-63.5,-11.5,Brazil,76,Americas,0
-63.5,-10.5,Brazil,76,Americas,0
-63.5,-9.5,Brazil,76,Americas,1
-63.5,-8.5,Brazil,76,Americas,0
-63.5,-7.5,Brazil,76,Americas,0
-63.5,-5.5,Brazil,76,Americas,0
-63.5,-4.5,Brazil,76,Americas,0
-63.5,0.5,Brazil,76,Americas,0
-63.5,6.5,Venezuela,862,Americas,0
-63.5,7.5,Venezuela,862,Americas,1
-63.5,8.5,Venezuela,862,Americas,1
-63.5,9.5,Venezuela,862,Americas,3
-63.5,10.5,Venezuela,862,Americas,1
-63.5,45.5,Canada,124,Americas,0
-63.5,46.5,Canada,124,Americas,0
-62.5,-40.5,Argentina,32,Americas,2
-62.5,-39.5,Argentina,32,Americas,10
-62.5,-38.5,Argentina,32,Americas,1
-62.5,-37.5,Argentina,32,Americas,2
-62.5,-36.5,Argentina,32,Americas,1
-62.5,-35.5,Argentina,32,Americas,1
-62.5,-34.5,Argentina,32,Americas,1
-62.5,-33.5,Argentina,32,Americas,2
-62.5,-32.5,Argentina,32,Americas,1
-62.5,-31.5,Argentina,32,Americas,1
-62.5,-30.5,Argentina,32,Americas,1
-62.5,-29.5,Argentina,32,Americas,2
-62.5,-28.5,Argentina,32,Americas,6
-62.5,-27.5,Argentina,32,Americas,1
-62.5,-26.5,Argentina,32,Americas,1
-62.5,-25.5,Argentina,32,Americas,0
-62.5,-24.5,Argentina,32,Americas,0
-62.5,-23.5,Argentina,32,Americas,0
-62.5,-22.5,Argentina,32,Americas,1
-62.5,-21.5,Bolivia,68,Americas,1
-62.5,-20.5,Bolivia,68,Americas,0
-62.5,-19.5,Bolivia,68,Americas,1
-62.5,-18.5,Bolivia,68,Americas,1
-62.5,-17.5,Bolivia,68,Americas,2
-62.5,-16.5,Bolivia,68,Americas,0
-62.5,-13.5,Bolivia,68,Americas,0
-62.5,-12.5,Brazil,76,Americas,0
-62.5,-11.5,Brazil,76,Americas,0
-62.5,-10.5,Brazil,76,Americas,0
-62.5,-9.5,Brazil,76,Americas,0
-62.5,-8.5,Brazil,76,Americas,0
-62.5,-7.5,Brazil,76,Americas,0
-62.5,1.5,Brazil,76,Americas,0
-62.5,6.5,Venezuela,862,Americas,0
-62.5,7.5,Venezuela,862,Americas,0
-62.5,8.5,Venezuela,862,Americas,1
-62.5,9.5,Venezuela,862,Americas,0
-62.5,45.5,Canada,124,Americas,0
-61.5,-38.5,Argentina,32,Americas,0
-61.5,-37.5,Argentina,32,Americas,1
-61.5,-36.5,Argentina,32,Americas,1
-61.5,-35.5,Argentina,32,Americas,1
-61.5,-34.5,Argentina,32,Americas,2
-61.5,-33.5,Argentina,32,Americas,7
-61.5,-32.5,Argentina,32,Americas,1
-61.5,-31.5,Argentina,32,Americas,1
-61.5,-30.5,Argentina,32,Americas,1
-61.5,-29.5,Argentina,32,Americas,2
-61.5,-28.5,Argentina,32,Americas,2
-61.5,-27.5,Argentina,32,Americas,2
-61.5,-26.5,Argentina,32,Americas,1
-61.5,-25.5,Argentina,32,Americas,0
-61.5,-24.5,Argentina,32,Americas,0
-61.5,-23.5,Argentina,32,Americas,1
-61.5,-22.5,Paraguay,600,Americas,1
-61.5,-21.5,Paraguay,600,Americas,1
-61.5,-20.5,Paraguay,600,Americas,0
-61.5,-19.5,Bolivia,68,Americas,0
-61.5,-18.5,Bolivia,68,Americas,0
-61.5,-17.5,Bolivia,68,Americas,0
-61.5,-13.5,Brazil,76,Americas,0
-61.5,-12.5,Brazil,76,Americas,0
-61.5,-11.5,Brazil,76,Americas,0
-61.5,-10.5,Brazil,76,Americas,0
-61.5,-9.5,Brazil,76,Americas,0
-61.5,-8.5,Brazil,76,Americas,0
-61.5,-7.5,Brazil,76,Americas,0
-61.5,-5.5,Brazil,76,Americas,0
-61.5,-3.5,Brazil,76,Americas,0
-61.5,1.5,Brazil,76,Americas,0
-61.5,2.5,Brazil,76,Americas,1
-61.5,3.5,Brazil,76,Americas,0
-61.5,4.5,Venezuela,862,Americas,0
-61.5,5.5,Venezuela,862,Americas,0
-61.5,6.5,Venezuela,862,Americas,0
-61.5,7.5,Venezuela,862,Americas,0
-61.5,8.5,Venezuela,862,Americas,0
-61.5,9.5,Venezuela,862,Americas,0
-61.5,45.5,Canada,124,Americas,0
-60.5,-38.5,Argentina,32,Americas,1
-60.5,-37.5,Argentina,32,Americas,3
-60.5,-36.5,Argentina,32,Americas,1
-60.5,-35.5,Argentina,32,Americas,1
-60.5,-34.5,Argentina,32,Americas,8
-60.5,-33.5,Argentina,32,Americas,4
-60.5,-32.5,Argentina,32,Americas,2
-60.5,-31.5,Argentina,32,Americas,3
-60.5,-30.5,Argentina,32,Americas,1
-60.5,-29.5,Argentina,32,Americas,1
-60.5,-28.5,Argentina,32,Americas,1
-60.5,-27.5,Argentina,32,Americas,1
-60.5,-26.5,Argentina,32,Americas,1
-60.5,-25.5,Argentina,32,Americas,1
-60.5,-24.5,Argentina,32,Americas,0
-60.5,-23.5,Paraguay,600,Americas,1
-60.5,-22.5,Paraguay,600,Americas,1
-60.5,-21.5,Paraguay,600,Americas,1
-60.5,-20.5,Paraguay,600,Americas,0
-60.5,-19.5,Paraguay,600,Americas,0
-60.5,-18.5,Bolivia,68,Americas,0
-60.5,-17.5,Bolivia,68,Americas,0
-60.5,-16.5,Bolivia,68,Americas,0
-60.5,-15.5,Bolivia,68,Americas,0
-60.5,-14.5,Bolivia,68,Americas,0
-60.5,-13.5,Brazil,76,Americas,0
-60.5,-12.5,Brazil,76,Americas,0
-60.5,-11.5,Brazil,76,Americas,0
-60.5,-10.5,Brazil,76,Americas,0
-60.5,-9.5,Brazil,76,Americas,0
-60.5,-8.5,Brazil,76,Americas,0
-60.5,-7.5,Brazil,76,Americas,0
-60.5,-3.5,Brazil,76,Americas,0
-60.5,-2.5,Brazil,76,Americas,0
-60.5,-1.5,Brazil,76,Americas,0
-60.5,0.5,Brazil,76,Americas,0
-60.5,1.5,Brazil,76,Americas,1
-60.5,2.5,Brazil,76,Americas,2
-60.5,3.5,Brazil,76,Americas,1
-60.5,4.5,Brazil,76,Americas,1
-60.5,5.5,Guyana,328,Americas,0
-60.5,6.5,Guyana,328,Americas,0
-60.5,7.5,Guyana,328,Americas,0
-60.5,46.5,Canada,124,Americas,0
-59.5,-38.5,Argentina,32,Americas,2
-59.5,-37.5,Argentina,32,Americas,3
-59.5,-36.5,Argentina,32,Americas,1
-59.5,-35.5,Argentina,32,Americas,1
-59.5,-34.5,Argentina,32,Americas,3
-59.5,-33.5,Argentina,32,Americas,4
-59.5,-32.5,Argentina,32,Americas,3
-59.5,-31.5,Argentina,32,Americas,7
-59.5,-30.5,Argentina,32,Americas,5
-59.5,-29.5,Argentina,32,Americas,1
-59.5,-28.5,Argentina,32,Americas,1
-59.5,-27.5,Argentina,32,Americas,0
-59.5,-26.5,Argentina,32,Americas,2
-59.5,-25.5,Argentina,32,Americas,1
-59.5,-24.5,Argentina,32,Americas,1
-59.5,-23.5,Paraguay,600,Americas,1
-59.5,-22.5,Paraguay,600,Americas,1
-59.5,-21.5,Paraguay,600,Americas,1
-59.5,-20.5,Paraguay,600,Americas,1
-59.5,-19.5,Paraguay,600,Americas,0
-59.5,-18.5,Bolivia,68,Americas,0
-59.5,-16.5,Bolivia,68,Americas,0
-59.5,-15.5,Brazil,76,Americas,0
-59.5,-14.5,Brazil,76,Americas,1
-59.5,-13.5,Brazil,76,Americas,1
-59.5,-12.5,Brazil,76,Americas,0
-59.5,-11.5,Brazil,76,Americas,0
-59.5,-10.5,Brazil,76,Americas,0
-59.5,-9.5,Brazil,76,Americas,0
-59.5,-7.5,Brazil,76,Americas,0
-59.5,-6.5,Brazil,76,Americas,0
-59.5,-4.5,Brazil,76,Americas,0
-59.5,-3.5,Brazil,76,Americas,0
-59.5,-2.5,Brazil,76,Americas,0
-59.5,-1.5,Brazil,76,Americas,0
-59.5,0.5,Brazil,76,Americas,0
-59.5,1.5,Brazil,76,Americas,0
-59.5,2.5,Guyana,328,Americas,1
-59.5,3.5,Guyana,328,Americas,1
-59.5,4.5,Guyana,328,Americas,0
-59.5,7.5,Guyana,328,Americas,0
-58.5,-38.5,Argentina,32,Americas,3
-58.5,-37.5,Argentina,32,Americas,4
-58.5,-36.5,Argentina,32,Americas,0
-58.5,-35.5,Argentina,32,Americas,0
-58.5,-34.5,Argentina,32,Americas,4
-58.5,-32.5,Argentina,32,Americas,8
-58.5,-31.5,Argentina,32,Americas,8
-58.5,-30.5,Argentina,32,Americas,2
-58.5,-29.5,Argentina,32,Americas,6
-58.5,-28.5,Argentina,32,Americas,0
-58.5,-27.5,Argentina,32,Americas,0
-58.5,-26.5,Argentina,32,Americas,1
-58.5,-25.5,Argentina,32,Americas,0
-58.5,-24.5,Paraguay,600,Americas,1
-58.5,-23.5,Paraguay,600,Americas,1
-58.5,-22.5,Paraguay,600,Americas,0
-58.5,-21.5,Paraguay,600,Americas,1
-58.5,-20.5,Paraguay,600,Americas,0
-58.5,-19.5,Bolivia,68,Americas,0
-58.5,-18.5,Bolivia,68,Americas,0
-58.5,-16.5,Bolivia,68,Americas,0
-58.5,-15.5,Brazil,76,Americas,0
-58.5,-14.5,Brazil,76,Americas,0
-58.5,-13.5,Brazil,76,Americas,1
-58.5,-12.5,Brazil,76,Americas,0
-58.5,-11.5,Brazil,76,Americas,0
-58.5,-10.5,Brazil,76,Americas,0
-58.5,-9.5,Brazil,76,Americas,0
-58.5,-6.5,Brazil,76,Americas,0
-58.5,-3.5,Brazil,76,Americas,0
-58.5,-2.5,Brazil,76,Americas,0
-58.5,-1.5,Brazil,76,Americas,0
-58.5,4.5,Guyana,328,Americas,0
-58.5,5.5,Guyana,328,Americas,0
-58.5,6.5,Guyana,328,Americas,10
-57.5,-37.5,Argentina,32,Americas,3
-57.5,-36.5,Argentina,32,Americas,0
-57.5,-35.5,Argentina,32,Americas,0
-57.5,-33.5,Uruguay,858,Americas,1
-57.5,-32.5,Uruguay,858,Americas,1
-57.5,-31.5,Uruguay,858,Americas,1
-57.5,-30.5,Uruguay,858,Americas,8
-57.5,-29.5,Argentina,32,Americas,9
-57.5,-28.5,Argentina,32,Americas,0
-57.5,-27.5,Argentina,32,Americas,0
-57.5,-26.5,Paraguay,600,Americas,2
-57.5,-25.5,Paraguay,600,Americas,2
-57.5,-24.5,Paraguay,600,Americas,0
-57.5,-23.5,Paraguay,600,Americas,1
-57.5,-22.5,Paraguay,600,Americas,1
-57.5,-21.5,Brazil,76,Americas,1
-57.5,-20.5,Brazil,76,Americas,0
-57.5,-19.5,Brazil,76,Americas,0
-57.5,-18.5,Brazil,76,Americas,0
-57.5,-17.5,Brazil,76,Americas,0
-57.5,-16.5,Brazil,76,Americas,0
-57.5,-15.5,Brazil,76,Americas,1
-57.5,-14.5,Brazil,76,Americas,0
-57.5,-13.5,Brazil,76,Americas,0
-57.5,-12.5,Brazil,76,Americas,0
-57.5,-11.5,Brazil,76,Americas,0
-57.5,-10.5,Brazil,76,Americas,0
-57.5,-9.5,Brazil,76,Americas,0
-57.5,-8.5,Brazil,76,Americas,0
-57.5,-7.5,Brazil,76,Americas,0
-57.5,-6.5,Brazil,76,Americas,0
-57.5,-5.5,Brazil,76,Americas,0
-57.5,-3.5,Brazil,76,Americas,0
-57.5,-2.5,Brazil,76,Americas,0
-57.5,-1.5,Brazil,76,Americas,0
-57.5,5.5,Guyana,328,Americas,8
-57.5,48.5,Canada,124,Americas,0
-57.5,49.5,Canada,124,Americas,0
-56.5,-34.5,Uruguay,858,Americas,3
-56.5,-33.5,Uruguay,858,Americas,0
-56.5,-32.5,Uruguay,858,Americas,1
-56.5,-31.5,Uruguay,858,Americas,8
-56.5,-30.5,Uruguay,858,Americas,9
-56.5,-29.5,Brazil,76,Americas,10
-56.5,-28.5,Argentina,32,Americas,8
-56.5,-27.5,Argentina,32,Americas,2
-56.5,-26.5,Paraguay,600,Americas,5
-56.5,-25.5,Paraguay,600,Americas,2
-56.5,-24.5,Paraguay,600,Americas,0
-56.5,-23.5,Paraguay,600,Americas,0
-56.5,-22.5,Paraguay,600,Americas,0
-56.5,-21.5,Brazil,76,Americas,1
-56.5,-20.5,Brazil,76,Americas,2
-56.5,-19.5,Brazil,76,Americas,0
-56.5,-18.5,Brazil,76,Americas,0
-56.5,-17.5,Brazil,76,Americas,0
-56.5,-16.5,Brazil,76,Americas,0
-56.5,-15.5,Brazil,76,Americas,0
-56.5,-14.5,Brazil,76,Americas,0
-56.5,-13.5,Brazil,76,Americas,2
-56.5,-12.5,Brazil,76,Americas,0
-56.5,-11.5,Brazil,76,Americas,0
-56.5,-10.5,Brazil,76,Americas,0
-56.5,-9.5,Brazil,76,Americas,0
-56.5,-7.5,Brazil,76,Americas,0
-56.5,-6.5,Brazil,76,Americas,0
-56.5,-5.5,Brazil,76,Americas,0
-56.5,-4.5,Brazil,76,Americas,1
-56.5,-3.5,Brazil,76,Americas,0
-56.5,-2.5,Brazil,76,Americas,0
-56.5,-1.5,Brazil,76,Americas,0
-56.5,1.5,Brazil,76,Americas,0
-56.5,2.5,Suriname,740,Americas,0
-56.5,5.5,Suriname,740,Americas,9
-56.5,48.5,Canada,124,Americas,0
-56.5,49.5,Canada,124,Americas,0
-55.5,-34.5,Uruguay,858,Americas,4
-55.5,-33.5,Uruguay,858,Americas,0
-55.5,-32.5,Uruguay,858,Americas,2
-55.5,-31.5,Uruguay,858,Americas,10
-55.5,-30.5,Brazil,76,Americas,7
-55.5,-29.5,Brazil,76,Americas,9
-55.5,-28.5,Brazil,76,Americas,9
-55.5,-27.5,Argentina,32,Americas,2
-55.5,-26.5,Paraguay,600,Americas,2
-55.5,-25.5,Paraguay,600,Americas,2
-55.5,-24.5,Paraguay,600,Americas,0
-55.5,-23.5,Brazil,76,Americas,0
-55.5,-22.5,Brazil,76,Americas,7
-55.5,-21.5,Brazil,76,Americas,7
-55.5,-20.5,Brazil,76,Americas,1
-55.5,-19.5,Brazil,76,Americas,0
-55.5,-18.5,Brazil,76,Americas,0
-55.5,-17.5,Brazil,76,Americas,0
-55.5,-16.5,Brazil,76,Americas,0
-55.5,-15.5,Brazil,76,Americas,1
-55.5,-14.5,Brazil,76,Americas,0
-55.5,-13.5,Brazil,76,Americas,3
-55.5,-12.5,Brazil,76,Americas,1
-55.5,-11.5,Brazil,76,Americas,0
-55.5,-10.5,Brazil,76,Americas,0
-55.5,-9.5,Brazil,76,Americas,0
-55.5,-8.5,Brazil,76,Americas,0
-55.5,-7.5,Brazil,76,Americas,0
-55.5,-6.5,Brazil,76,Americas,0
-55.5,-5.5,Brazil,76,Americas,0
-55.5,-4.5,Brazil,76,Americas,1
-55.5,-3.5,Brazil,76,Americas,0
-55.5,-2.5,Brazil,76,Americas,1
-55.5,-1.5,Brazil,76,Americas,0
-55.5,1.5,Brazil,76,Americas,0
-55.5,2.5,Suriname,740,Americas,0
-55.5,5.5,Suriname,740,Americas,2
-55.5,48.5,Canada,124,Americas,0
-54.5,-34.5,Uruguay,858,Americas,10
-54.5,-33.5,Uruguay,858,Americas,9
-54.5,-32.5,Uruguay,858,Americas,10
-54.5,-31.5,Brazil,76,Americas,10
-54.5,-30.5,Brazil,76,Americas,10
-54.5,-29.5,Brazil,76,Americas,9
-54.5,-28.5,Brazil,76,Americas,5
-54.5,-27.5,Brazil,76,Americas,0
-54.5,-26.5,Argentina,32,Americas,0
-54.5,-25.5,Brazil,76,Americas,0
-54.5,-24.5,Paraguay,600,Americas,0
-54.5,-23.5,Brazil,76,Americas,0
-54.5,-22.5,Brazil,76,Americas,4
-54.5,-21.5,Brazil,76,Americas,5
-54.5,-20.5,Brazil,76,Americas,1
-54.5,-19.5,Brazil,76,Americas,1
-54.5,-18.5,Brazil,76,Americas,0
-54.5,-17.5,Brazil,76,Americas,3
-54.5,-16.5,Brazil,76,Americas,0
-54.5,-15.5,Brazil,76,Americas,3
-54.5,-14.5,Brazil,76,Americas,0
-54.5,-13.5,Brazil,76,Americas,0
-54.5,-12.5,Brazil,76,Americas,0
-54.5,-11.5,Brazil,76,Americas,0
-54.5,-10.5,Brazil,76,Americas,0
-54.5,-9.5,Brazil,76,Americas,0
-54.5,-8.5,Brazil,76,Americas,0
-54.5,-7.5,Brazil,76,Americas,0
-54.5,-6.5,Brazil,76,Americas,0
-54.5,-4.5,Brazil,76,Americas,0
-54.5,-3.5,Brazil,76,Americas,0
-54.5,-2.5,Brazil,76,Americas,1
-54.5,-1.5,Brazil,76,Americas,1
-54.5,5.5,Suriname,740,Americas,0
-54.5,48.5,Canada,124,Americas,0
-54.5,49.5,Canada,124,Americas,0
-53.5,-33.5,Brazil,76,Americas,10
-53.5,-32.5,Uruguay,858,Americas,10
-53.5,-31.5,Brazil,76,Americas,2
-53.5,-30.5,Brazil,76,Americas,10
-53.5,-29.5,Brazil,76,Americas,10
-53.5,-28.5,Brazil,76,Americas,6
-53.5,-27.5,Brazil,76,Americas,2
-53.5,-26.5,Brazil,76,Americas,0
-53.5,-25.5,Brazil,76,Americas,0
-53.5,-24.5,Brazil,76,Americas,0
-53.5,-23.5,Brazil,76,Americas,5
-53.5,-22.5,Brazil,76,Americas,5
-53.5,-21.5,Brazil,76,Americas,6
-53.5,-20.5,Brazil,76,Americas,1
-53.5,-19.5,Brazil,76,Americas,1
-53.5,-18.5,Brazil,76,Americas,1
-53.5,-17.5,Brazil,76,Americas,1
-53.5,-16.5,Brazil,76,Americas,3
-53.5,-15.5,Brazil,76,Americas,1
-53.5,-14.5,Brazil,76,Americas,0
-53.5,-13.5,Brazil,76,Americas,0
-53.5,-12.5,Brazil,76,Americas,0
-53.5,-11.5,Brazil,76,Americas,0
-53.5,-10.5,Brazil,76,Americas,0
-53.5,-9.5,Brazil,76,Americas,0
-53.5,-7.5,Brazil,76,Americas,0
-53.5,-6.5,Brazil,76,Americas,0
-53.5,-5.5,Brazil,76,Americas,0
-53.5,-4.5,Brazil,76,Americas,0
-53.5,-3.5,Brazil,76,Americas,0
-53.5,-2.5,Brazil,76,Americas,0
-53.5,-1.5,Brazil,76,Americas,1
-53.5,-0.5,Brazil,76,Americas,0
-53.5,5.5,France,250,Europe,0
-53.5,47.5,Canada,124,Americas,0
-53.5,48.5,Canada,124,Americas,0
-52.5,-32.5,Brazil,76,Americas,9
-52.5,-31.5,Brazil,76,Americas,10
-52.5,-30.5,Brazil,76,Americas,10
-52.5,-29.5,Brazil,76,Americas,9
-52.5,-28.5,Brazil,76,Americas,1
-52.5,-27.5,Brazil,76,Americas,1
-52.5,-26.5,Brazil,76,Americas,0
-52.5,-25.5,Brazil,76,Americas,0
-52.5,-24.5,Brazil,76,Americas,0
-52.5,-23.5,Brazil,76,Americas,1
-52.5,-22.5,Brazil,76,Americas,4
-52.5,-21.5,Brazil,76,Americas,3
-52.5,-20.5,Brazil,76,Americas,3
-52.5,-19.5,Brazil,76,Americas,2
-52.5,-18.5,Brazil,76,Americas,1
-52.5,-17.5,Brazil,76,Americas,1
-52.5,-16.5,Brazil,76,Americas,0
-52.5,-15.5,Brazil,76,Americas,0
-52.5,-14.5,Brazil,76,Americas,0
-52.5,-13.5,Brazil,76,Americas,0
-52.5,-12.5,Brazil,76,Americas,0
-52.5,-11.5,Brazil,76,Americas,0
-52.5,-10.5,Brazil,76,Americas,0
-52.5,-9.5,Brazil,76,Americas,0
-52.5,-7.5,Brazil,76,Americas,0
-52.5,-6.5,Brazil,76,Americas,0
-52.5,-5.5,Brazil,76,Americas,0
-52.5,-3.5,Brazil,76,Americas,1
-52.5,-2.5,Brazil,76,Americas,0
-52.5,-0.5,Brazil,76,Americas,0
-52.5,0.5,Brazil,76,Americas,0
-52.5,4.5,France,250,Europe,0
-51.5,-30.5,Brazil,76,Americas,10
-51.5,-29.5,Brazil,76,Americas,10
-51.5,-28.5,Brazil,76,Americas,2
-51.5,-27.5,Brazil,76,Americas,0
-51.5,-26.5,Brazil,76,Americas,0
-51.5,-25.5,Brazil,76,Americas,0
-51.5,-24.5,Brazil,76,Americas,0
-51.5,-23.5,Brazil,76,Americas,5
-51.5,-22.5,Brazil,76,Americas,5
-51.5,-21.5,Brazil,76,Americas,6
-51.5,-20.5,Brazil,76,Americas,7
-51.5,-19.5,Brazil,76,Americas,2
-51.5,-18.5,Brazil,76,Americas,0
-51.5,-17.5,Brazil,76,Americas,1
-51.5,-16.5,Brazil,76,Americas,0
-51.5,-15.5,Brazil,76,Americas,1
-51.5,-14.5,Brazil,76,Americas,0
-51.5,-13.5,Brazil,76,Americas,0
-51.5,-12.5,Brazil,76,Americas,0
-51.5,-11.5,Brazil,76,Americas,0
-51.5,-10.5,Brazil,76,Americas,1
-51.5,-9.5,Brazil,76,Americas,0
-51.5,-8.5,Brazil,76,Americas,0
-51.5,-7.5,Brazil,76,Americas,0
-51.5,-6.5,Brazil,76,Americas,0
-51.5,-5.5,Brazil,76,Americas,0
-51.5,-4.5,Brazil,76,Americas,0
-51.5,-3.5,Brazil,76,Americas,0
-51.5,-2.5,Brazil,76,Americas,0
-51.5,-1.5,Brazil,76,Americas,0
-51.5,-0.5,Brazil,76,Americas,0
-51.5,0.5,Brazil,76,Americas,0
-51.5,1.5,Brazil,76,Americas,0
-51.5,2.5,Brazil,76,Americas,0
-51.5,3.5,Brazil,76,Americas,0
-50.5,-30.5,Brazil,76,Americas,10
-50.5,-29.5,Brazil,76,Americas,9
-50.5,-28.5,Brazil,76,Americas,0
-50.5,-27.5,Brazil,76,Americas,0
-50.5,-26.5,Brazil,76,Americas,0
-50.5,-25.5,Brazil,76,Americas,0
-50.5,-24.5,Brazil,76,Americas,0
-50.5,-23.5,Brazil,76,Americas,5
-50.5,-22.5,Brazil,76,Americas,8
-50.5,-21.5,Brazil,76,Americas,8
-50.5,-20.5,Brazil,76,Americas,7
-50.5,-19.5,Brazil,76,Americas,4
-50.5,-18.5,Brazil,76,Americas,5
-50.5,-17.5,Brazil,76,Americas,7
-50.5,-16.5,Brazil,76,Americas,5
-50.5,-15.5,Brazil,76,Americas,0
-50.5,-14.5,Brazil,76,Americas,0
-50.5,-13.5,Brazil,76,Americas,0
-50.5,-12.5,Brazil,76,Americas,0
-50.5,-11.5,Brazil,76,Americas,0
-50.5,-10.5,Brazil,76,Americas,0
-50.5,-9.5,Brazil,76,Americas,0
-50.5,-8.5,Brazil,76,Americas,0
-50.5,-7.5,Brazil,76,Americas,0
-50.5,-6.5,Brazil,76,Americas,0
-50.5,-5.5,Brazil,76,Americas,1
-50.5,-4.5,Brazil,76,Americas,1
-50.5,-3.5,Brazil,76,Americas,1
-50.5,-2.5,Brazil,76,Americas,0
-50.5,-1.5,Brazil,76,Americas,0
-50.5,-0.5,Brazil,76,Americas,0
-50.5,1.5,Brazil,76,Americas,2
-49.5,-28.5,Brazil,76,Americas,10
-49.5,-27.5,Brazil,76,Americas,7
-49.5,-26.5,Brazil,76,Americas,3
-49.5,-25.5,Brazil,76,Americas,1
-49.5,-24.5,Brazil,76,Americas,3
-49.5,-23.5,Brazil,76,Americas,8
-49.5,-22.5,Brazil,76,Americas,7
-49.5,-21.5,Brazil,76,Americas,9
-49.5,-20.5,Brazil,76,Americas,8
-49.5,-19.5,Brazil,76,Americas,1
-49.5,-18.5,Brazil,76,Americas,5
-49.5,-17.5,Brazil,76,Americas,6
-49.5,-16.5,Brazil,76,Americas,6
-49.5,-15.5,Brazil,76,Americas,7
-49.5,-14.5,Brazil,76,Americas,0
-49.5,-13.5,Brazil,76,Americas,0
-49.5,-12.5,Brazil,76,Americas,0
-49.5,-11.5,Brazil,76,Americas,1
-49.5,-10.5,Brazil,76,Americas,3
-49.5,-9.5,Brazil,76,Americas,0
-49.5,-8.5,Brazil,76,Americas,0
-49.5,-7.5,Brazil,76,Americas,1
-49.5,-6.5,Brazil,76,Americas,1
-49.5,-5.5,Brazil,76,Americas,1
-49.5,-4.5,Brazil,76,Americas,2
-49.5,-3.5,Brazil,76,Americas,2
-49.5,-1.5,Brazil,76,Americas,0
-49.5,-0.5,Brazil,76,Americas,1
-48.5,-27.5,Brazil,76,Americas,1
-48.5,-24.5,Brazil,76,Americas,4
-48.5,-23.5,Brazil,76,Americas,9
-48.5,-22.5,Brazil,76,Americas,9
-48.5,-21.5,Brazil,76,Americas,9
-48.5,-20.5,Brazil,76,Americas,10
-48.5,-19.5,Brazil,76,Americas,6
-48.5,-18.5,Brazil,76,Americas,7
-48.5,-17.5,Brazil,76,Americas,0
-48.5,-16.5,Brazil,76,Americas,6
-48.5,-15.5,Brazil,76,Americas,4
-48.5,-14.5,Brazil,76,Americas,0
-48.5,-13.5,Brazil,76,Americas,0
-48.5,-12.5,Brazil,76,Americas,0
-48.5,-11.5,Brazil,76,Americas,0
-48.5,-10.5,Brazil,76,Americas,0
-48.5,-9.5,Brazil,76,Americas,0
-48.5,-8.5,Brazil,76,Americas,0
-48.5,-7.5,Brazil,76,Americas,0
-48.5,-6.5,Brazil,76,Americas,1
-48.5,-5.5,Brazil,76,Americas,1
-48.5,-4.5,Brazil,76,Americas,1
-48.5,-3.5,Brazil,76,Americas,0
-48.5,-2.5,Brazil,76,Americas,0
-48.5,-0.5,Brazil,76,Americas,1
-47.5,-24.5,Brazil,76,Americas,1
-47.5,-23.5,Brazil,76,Americas,9
-47.5,-22.5,Brazil,76,Americas,8
-47.5,-21.5,Brazil,76,Americas,9
-47.5,-20.5,Brazil,76,Americas,8
-47.5,-19.5,Brazil,76,Americas,8
-47.5,-18.5,Brazil,76,Americas,9
-47.5,-17.5,Brazil,76,Americas,7
-47.5,-16.5,Brazil,76,Americas,8
-47.5,-15.5,Brazil,76,Americas,6
-47.5,-14.5,Brazil,76,Americas,1
-47.5,-13.5,Brazil,76,Americas,0
-47.5,-12.5,Brazil,76,Americas,0
-47.5,-11.5,Brazil,76,Americas,0
-47.5,-10.5,Brazil,76,Americas,0
-47.5,-9.5,Brazil,76,Americas,0
-47.5,-8.5,Brazil,76,Americas,0
-47.5,-7.5,Brazil,76,Americas,0
-47.5,-6.5,Brazil,76,Americas,1
-47.5,-5.5,Brazil,76,Americas,0
-47.5,-4.5,Brazil,76,Americas,1
-47.5,-3.5,Brazil,76,Americas,0
-47.5,-2.5,Brazil,76,Americas,1
-47.5,-1.5,Brazil,76,Americas,2
-46.5,-23.5,Brazil,76,Americas,8
-46.5,-22.5,Brazil,76,Americas,10
-46.5,-21.5,Brazil,76,Americas,9
-46.5,-20.5,Brazil,76,Americas,2
-46.5,-19.5,Brazil,76,Americas,8
-46.5,-18.5,Brazil,76,Americas,6
-46.5,-17.5,Brazil,76,Americas,5
-46.5,-16.5,Brazil,76,Americas,7
-46.5,-15.5,Brazil,76,Americas,1
-46.5,-14.5,Brazil,76,Americas,0
-46.5,-13.5,Brazil,76,Americas,0
-46.5,-12.5,Brazil,76,Americas,5
-46.5,-11.5,Brazil,76,Americas,3
-46.5,-10.5,Brazil,76,Americas,0
-46.5,-9.5,Brazil,76,Americas,0
-46.5,-8.5,Brazil,76,Americas,0
-46.5,-7.5,Brazil,76,Americas,0
-46.5,-6.5,Brazil,76,Americas,0
-46.5,-5.5,Brazil,76,Americas,0
-46.5,-4.5,Brazil,76,Americas,1
-46.5,-3.5,Brazil,76,Americas,1
-46.5,-2.5,Brazil,76,Americas,1
-46.5,-1.5,Brazil,76,Americas,1
-45.5,-23.5,Brazil,76,Americas,4
-45.5,-22.5,Brazil,76,Americas,9
-45.5,-21.5,Brazil,76,Americas,3
-45.5,-20.5,Brazil,76,Americas,2
-45.5,-19.5,Brazil,76,Americas,2
-45.5,-18.5,Brazil,76,Americas,5
-45.5,-17.5,Brazil,76,Americas,2
-45.5,-16.5,Brazil,76,Americas,0
-45.5,-15.5,Brazil,76,Americas,1
-45.5,-14.5,Brazil,76,Americas,0
-45.5,-13.5,Brazil,76,Americas,0
-45.5,-12.5,Brazil,76,Americas,6
-45.5,-11.5,Brazil,76,Americas,3
-45.5,-10.5,Brazil,76,Americas,0
-45.5,-9.5,Brazil,76,Americas,0
-45.5,-8.5,Brazil,76,Americas,0
-45.5,-7.5,Brazil,76,Americas,0
-45.5,-6.5,Brazil,76,Americas,0
-45.5,-5.5,Brazil,76,Americas,0
-45.5,-4.5,Brazil,76,Americas,1
-45.5,-3.5,Brazil,76,Americas,1
-45.5,-2.5,Brazil,76,Americas,2
-45.5,-1.5,Brazil,76,Americas,1
-44.5,-22.5,Brazil,76,Americas,1
-44.5,-21.5,Brazil,76,Americas,0
-44.5,-20.5,Brazil,76,Americas,0
-44.5,-19.5,Brazil,76,Americas,6
-44.5,-18.5,Brazil,76,Americas,0
-44.5,-17.5,Brazil,76,Americas,2
-44.5,-16.5,Brazil,76,Americas,0
-44.5,-15.5,Brazil,76,Americas,1
-44.5,-14.5,Brazil,76,Americas,1
-44.5,-13.5,Brazil,76,Americas,3
-44.5,-12.5,Brazil,76,Americas,5
-44.5,-11.5,Brazil,76,Americas,0
-44.5,-10.5,Brazil,76,Americas,0
-44.5,-9.5,Brazil,76,Americas,0
-44.5,-8.5,Brazil,76,Americas,0
-44.5,-7.5,Brazil,76,Americas,0
-44.5,-6.5,Brazil,76,Americas,0
-44.5,-5.5,Brazil,76,Americas,0
-44.5,-4.5,Brazil,76,Americas,1
-44.5,-3.5,Brazil,76,Americas,1
-43.5,-22.5,Brazil,76,Americas,4
-43.5,-21.5,Brazil,76,Americas,2
-43.5,-20.5,Brazil,76,Americas,1
-43.5,-19.5,Brazil,76,Americas,2
-43.5,-18.5,Brazil,76,Americas,0
-43.5,-17.5,Brazil,76,Americas,0
-43.5,-16.5,Brazil,76,Americas,0
-43.5,-15.5,Brazil,76,Americas,6
-43.5,-14.5,Brazil,76,Americas,1
-43.5,-13.5,Brazil,76,Americas,6
-43.5,-12.5,Brazil,76,Americas,1
-43.5,-11.5,Brazil,76,Americas,0
-43.5,-10.5,Brazil,76,Americas,0
-43.5,-9.5,Brazil,76,Americas,0
-43.5,-8.5,Brazil,76,Americas,0
-43.5,-7.5,Brazil,76,Americas,0
-43.5,-6.5,Brazil,76,Americas,0
-43.5,-5.5,Brazil,76,Americas,0
-43.5,-4.5,Brazil,76,Americas,1
-43.5,-3.5,Brazil,76,Americas,1
-42.5,-22.5,Brazil,76,Americas,8
-42.5,-21.5,Brazil,76,Americas,8
-42.5,-20.5,Brazil,76,Americas,2
-42.5,-19.5,Brazil,76,Americas,4
-42.5,-18.5,Brazil,76,Americas,2
-42.5,-17.5,Brazil,76,Americas,4
-42.5,-16.5,Brazil,76,Americas,0
-42.5,-15.5,Brazil,76,Americas,0
-42.5,-14.5,Brazil,76,Americas,3
-42.5,-13.5,Brazil,76,Americas,4
-42.5,-12.5,Brazil,76,Americas,1
-42.5,-11.5,Brazil,76,Americas,1
-42.5,-10.5,Brazil,76,Americas,1
-42.5,-9.5,Brazil,76,Americas,0
-42.5,-8.5,Brazil,76,Americas,0
-42.5,-7.5,Brazil,76,Americas,0
-42.5,-6.5,Brazil,76,Americas,0
-42.5,-5.5,Brazil,76,Americas,0
-42.5,-4.5,Brazil,76,Americas,0
-42.5,-3.5,Brazil,76,Americas,0
-41.5,-21.5,Brazil,76,Americas,10
-41.5,-20.5,Brazil,76,Americas,6
-41.5,-19.5,Brazil,76,Americas,6
-41.5,-18.5,Brazil,76,Americas,0
-41.5,-17.5,Brazil,76,Americas,0
-41.5,-16.5,Brazil,76,Americas,0
-41.5,-15.5,Brazil,76,Americas,0
-41.5,-14.5,Brazil,76,Americas,2
-41.5,-13.5,Brazil,76,Americas,7
-41.5,-12.5,Brazil,76,Americas,3
-41.5,-11.5,Brazil,76,Americas,2
-41.5,-10.5,Brazil,76,Americas,1
-41.5,-9.5,Brazil,76,Americas,1
-41.5,-8.5,Brazil,76,Americas,0
-41.5,-7.5,Brazil,76,Americas,0
-41.5,-6.5,Brazil,76,Americas,0
-41.5,-5.5,Brazil,76,Americas,1
-41.5,-4.5,Brazil,76,Americas,0
-41.5,-3.5,Brazil,76,Americas,2
-40.5,-20.5,Brazil,76,Americas,7
-40.5,-19.5,Brazil,76,Americas,8
-40.5,-18.5,Brazil,76,Americas,8
-40.5,-17.5,Brazil,76,Americas,1
-40.5,-16.5,Brazil,76,Americas,0
-40.5,-15.5,Brazil,76,Americas,1
-40.5,-14.5,Brazil,76,Americas,2
-40.5,-13.5,Brazil,76,Americas,1
-40.5,-12.5,Brazil,76,Americas,1
-40.5,-11.5,Brazil,76,Americas,1
-40.5,-10.5,Brazil,76,Americas,1
-40.5,-9.5,Brazil,76,Americas,8
-40.5,-8.5,Brazil,76,Americas,4
-40.5,-7.5,Brazil,76,Americas,0
-40.5,-6.5,Brazil,76,Americas,0
-40.5,-5.5,Brazil,76,Americas,0
-40.5,-4.5,Brazil,76,Americas,3
-40.5,-3.5,Brazil,76,Americas,5
-39.5,-17.5,Brazil,76,Americas,4
-39.5,-16.5,Brazil,76,Americas,4
-39.5,-15.5,Brazil,76,Americas,0
-39.5,-14.5,Brazil,76,Americas,0
-39.5,-13.5,Brazil,76,Americas,0
-39.5,-12.5,Brazil,76,Americas,0
-39.5,-11.5,Brazil,76,Americas,1
-39.5,-10.5,Brazil,76,Americas,2
-39.5,-9.5,Brazil,76,Americas,0
-39.5,-8.5,Brazil,76,Americas,8
-39.5,-7.5,Brazil,76,Americas,2
-39.5,-6.5,Brazil,76,Americas,5
-39.5,-5.5,Brazil,76,Americas,0
-39.5,-4.5,Brazil,76,Americas,0
-39.5,-3.5,Brazil,76,Americas,6
-38.5,-12.5,Brazil,76,Americas,2
-38.5,-11.5,Brazil,76,Americas,1
-38.5,-10.5,Brazil,76,Americas,0
-38.5,-9.5,Brazil,76,Americas,2
-38.5,-8.5,Brazil,76,Americas,4
-38.5,-7.5,Brazil,76,Americas,1
-38.5,-6.5,Brazil,76,Americas,5
-38.5,-5.5,Brazil,76,Americas,9
-38.5,-4.5,Brazil,76,Americas,3
-37.5,-11.5,Brazil,76,Americas,0
-37.5,-10.5,Brazil,76,Americas,4
-37.5,-9.5,Brazil,76,Americas,2
-37.5,-8.5,Brazil,76,Americas,1
-37.5,-7.5,Brazil,76,Americas,0
-37.5,-6.5,Brazil,76,Americas,3
-37.5,-5.5,Brazil,76,Americas,2
-36.5,-10.5,Brazil,76,Americas,9
-36.5,-9.5,Brazil,76,Americas,8
-36.5,-8.5,Brazil,76,Americas,4
-36.5,-7.5,Brazil,76,Americas,0
-36.5,-6.5,Brazil,76,Americas,0
-36.5,-5.5,Brazil,76,Americas,1
-35.5,-8.5,Brazil,76,Americas,8
-35.5,-7.5,Brazil,76,Americas,9
-35.5,-6.5,Brazil,76,Americas,8
-35.5,-5.5,Brazil,76,Americas,3
-19.5,63.5,Iceland,352,Europe,0
-16.5,12.5,Senegal,686,Africa,4
-16.5,13.5,Gambia,270,Africa,1
-16.5,14.5,Senegal,686,Africa,0
-16.5,15.5,Senegal,686,Africa,0
-15.5,12.5,Guinea-Bissau,624,Africa,7
-15.5,13.5,Gambia,270,Africa,1
-15.5,15.5,Senegal,686,Africa,0
-15.5,16.5,Senegal,686,Africa,10
-15.5,23.5,Morocco,504,Africa,0
-14.5,10.5,Guinea,324,Africa,5
-14.5,11.5,Guinea,324,Africa,1
-14.5,12.5,Guinea-Bissau,624,Africa,4
-14.5,13.5,Gambia,270,Africa,0
-14.5,14.5,Senegal,686,Africa,0
-14.5,15.5,Senegal,686,Africa,0
-14.5,16.5,Senegal,686,Africa,4
-14.5,19.5,Mauritania,478,Africa,0
-13.5,9.5,Guinea,324,Africa,7
-13.5,10.5,Guinea,324,Africa,3
-13.5,11.5,Guinea,324,Africa,1
-13.5,12.5,Guinea,324,Africa,1
-13.5,13.5,Senegal,686,Africa,0
-13.5,14.5,Senegal,686,Africa,1
-13.5,15.5,Senegal,686,Africa,4
-13.5,16.5,Mauritania,478,Africa,0
-13.5,19.5,Mauritania,478,Africa,0
-13.5,20.5,Mauritania,478,Africa,0
-12.5,8.5,Sierra Leone,694,Africa,3
-12.5,9.5,Sierra Leone,694,Africa,1
-12.5,10.5,Guinea,324,Africa,0
-12.5,11.5,Guinea,324,Africa,0
-12.5,12.5,Senegal,686,Africa,0
-12.5,13.5,Senegal,686,Africa,0
-12.5,14.5,Senegal,686,Africa,0
-12.5,15.5,Mauritania,478,Africa,3
-12.5,16.5,Mauritania,478,Africa,0
-12.5,17.5,Mauritania,478,Africa,0
-12.5,18.5,Mauritania,478,Africa,0
-12.5,19.5,Mauritania,478,Africa,0
-12.5,20.5,Mauritania,478,Africa,0
-11.5,7.5,Sierra Leone,694,Africa,1
-11.5,8.5,Sierra Leone,694,Africa,1
-11.5,9.5,Sierra Leone,694,Africa,0
-11.5,10.5,Guinea,324,Africa,0
-11.5,11.5,Guinea,324,Africa,0
-11.5,12.5,Senegal,686,Africa,0
-11.5,14.5,Mali,466,Africa,0
-11.5,15.5,Mali,466,Africa,0
-11.5,16.5,Mauritania,478,Africa,0
-11.5,20.5,Mauritania,478,Africa,0
-10.5,6.5,Liberia,430,Africa,0
-10.5,7.5,Liberia,430,Africa,0
-10.5,8.5,Guinea,324,Africa,0
-10.5,9.5,Guinea,324,Africa,0
-10.5,10.5,Guinea,324,Africa,1
-10.5,11.5,Guinea,324,Africa,0
-10.5,12.5,Mali,466,Africa,1
-10.5,14.5,Mali,466,Africa,0
-10.5,15.5,Mauritania,478,Africa,0
-10.5,16.5,Mauritania,478,Africa,0
-10.5,28.5,Morocco,504,Africa,6
-9.5,5.5,Liberia,430,Africa,1
-9.5,6.5,Liberia,430,Africa,0
-9.5,7.5,Liberia,430,Africa,0
-9.5,8.5,Guinea,324,Africa,0
-9.5,9.5,Guinea,324,Africa,0
-9.5,10.5,Guinea,324,Africa,2
-9.5,11.5,Guinea,324,Africa,3
-9.5,13.5,Mali,466,Africa,0
-9.5,14.5,Mali,466,Africa,0
-9.5,15.5,Mauritania,478,Africa,0
-9.5,28.5,Morocco,504,Africa,4
-9.5,29.5,Morocco,504,Africa,2
-9.5,30.5,Morocco,504,Africa,10
-9.5,31.5,Morocco,504,Africa,2
-9.5,52.5,Ireland,372,Europe,0
-9.5,53.5,Ireland,372,Europe,0
-8.5,5.5,Liberia,430,Africa,1
-8.5,6.5,Côte d’Ivoire,384,Africa,1
-8.5,7.5,Liberia,430,Africa,1
-8.5,8.5,Guinea,324,Africa,0
-8.5,9.5,Guinea,324,Africa,0
-8.5,10.5,Guinea,324,Africa,0
-8.5,11.5,Mali,466,Africa,2
-8.5,12.5,Mali,466,Africa,3
-8.5,14.5,Mali,466,Africa,0
-8.5,15.5,Mauritania,478,Africa,0
-8.5,27.5,Algeria,12,Africa,0
-8.5,28.5,Algeria,12,Africa,0
-8.5,29.5,Morocco,504,Africa,0
-8.5,30.5,Morocco,504,Africa,8
-8.5,31.5,Morocco,504,Africa,10
-8.5,32.5,Morocco,504,Africa,10
-8.5,37.5,Portugal,620,Europe,9
-8.5,38.5,Portugal,620,Europe,10
-8.5,39.5,Portugal,620,Europe,10
-8.5,40.5,Portugal,620,Europe,9
-8.5,41.5,Portugal,620,Europe,10
-8.5,42.5,Spain,724,Europe,7
-8.5,52.5,Ireland,372,Europe,0
-7.5,4.5,Côte d’Ivoire,384,Africa,0
-7.5,5.5,Liberia,430,Africa,1
-7.5,6.5,Côte d’Ivoire,384,Africa,1
-7.5,7.5,Côte d’Ivoire,384,Africa,0
-7.5,8.5,Côte d’Ivoire,384,Africa,0
-7.5,9.5,Côte d’Ivoire,384,Africa,0
-7.5,10.5,Mali,466,Africa,0
-7.5,11.5,Mali,466,Africa,0
-7.5,12.5,Mali,466,Africa,4
-7.5,13.5,Mali,466,Africa,0
-7.5,15.5,Mauritania,478,Africa,0
-7.5,29.5,Morocco,504,Africa,0
-7.5,30.5,Morocco,504,Africa,1
-7.5,31.5,Morocco,504,Africa,10
-7.5,32.5,Morocco,504,Africa,9
-7.5,33.5,Morocco,504,Africa,10
-7.5,37.5,Portugal,620,Europe,10
-7.5,38.5,Portugal,620,Europe,9
-7.5,39.5,Portugal,620,Europe,9
-7.5,40.5,Portugal,620,Europe,10
-7.5,41.5,Portugal,620,Europe,10
-7.5,42.5,Spain,724,Europe,6
-7.5,43.5,Spain,724,Europe,1
-7.5,52.5,Ireland,372,Europe,0
-7.5,53.5,Ireland,372,Europe,0
-7.5,54.5,United Kingdom,826,Europe,0
-6.5,5.5,Côte d’Ivoire,384,Africa,0
-6.5,6.5,Côte d’Ivoire,384,Africa,0
-6.5,7.5,Côte d’Ivoire,384,Africa,0
-6.5,8.5,Côte d’Ivoire,384,Africa,0
-6.5,9.5,Côte d’Ivoire,384,Africa,0
-6.5,10.5,Côte d’Ivoire,384,Africa,0
-6.5,11.5,Mali,466,Africa,0
-6.5,13.5,Mali,466,Africa,5
-6.5,14.5,Mali,466,Africa,6
-6.5,29.5,Algeria,12,Africa,0
-6.5,30.5,Morocco,504,Africa,6
-6.5,31.5,Morocco,504,Africa,8
-6.5,32.5,Morocco,504,Africa,10
-6.5,33.5,Morocco,504,Africa,5
-6.5,34.5,Morocco,504,Africa,9
-6.5,37.5,Spain,724,Europe,10
-6.5,38.5,Spain,724,Europe,10
-6.5,39.5,Spain,724,Europe,10
-6.5,40.5,Spain,724,Europe,8
-6.5,41.5,Portugal,620,Europe,5
-6.5,42.5,Spain,724,Europe,8
-6.5,43.5,Spain,724,Europe,1
-6.5,52.5,Ireland,372,Europe,0
-6.5,53.5,Ireland,372,Europe,0
-6.5,54.5,United Kingdom,826,Europe,0
-6.5,57.5,United Kingdom,826,Europe,0
-5.5,5.5,Côte d’Ivoire,384,Africa,0
-5.5,6.5,Côte d’Ivoire,384,Africa,1
-5.5,7.5,Côte d’Ivoire,384,Africa,0
-5.5,8.5,Côte d’Ivoire,384,Africa,0
-5.5,9.5,Côte d’Ivoire,384,Africa,3
-5.5,10.5,Burkina Faso,854,Africa,1
-5.5,11.5,Mali,466,Africa,0
-5.5,12.5,Mali,466,Africa,3
-5.5,13.5,Mali,466,Africa,7
-5.5,14.5,Mali,466,Africa,6
-5.5,15.5,Mali,466,Africa,0
-5.5,29.5,Algeria,12,Africa,0
-5.5,30.5,Morocco,504,Africa,8
-5.5,31.5,Morocco,504,Africa,0
-5.5,32.5,Morocco,504,Africa,1
-5.5,33.5,Morocco,504,Africa,8
-5.5,34.5,Morocco,504,Africa,9
-5.5,35.5,Morocco,504,Africa,9
-5.5,36.5,Spain,724,Europe,10
-5.5,37.5,Spain,724,Europe,10
-5.5,38.5,Spain,724,Europe,10
-5.5,39.5,Spain,724,Europe,10
-5.5,40.5,Spain,724,Europe,10
-5.5,41.5,Spain,724,Europe,10
-5.5,42.5,Spain,724,Europe,10
-5.5,43.5,Spain,724,Europe,1
-5.5,54.5,United Kingdom,826,Europe,0
-5.5,57.5,United Kingdom,826,Europe,0
-4.5,5.5,Côte d’Ivoire,384,Africa,0
-4.5,6.5,Côte d’Ivoire,384,Africa,0
-4.5,7.5,Côte d’Ivoire,384,Africa,0
-4.5,8.5,Côte d’Ivoire,384,Africa,0
-4.5,9.5,Côte d’Ivoire,384,Africa,0
-4.5,10.5,Burkina Faso,854,Africa,3
-4.5,11.5,Burkina Faso,854,Africa,1
-4.5,13.5,Mali,466,Africa,1
-4.5,14.5,Mali,466,Africa,6
-4.5,15.5,Mali,466,Africa,1
-4.5,30.5,Algeria,12,Africa,0
-4.5,31.5,Morocco,504,Africa,6
-4.5,32.5,Morocco,504,Africa,5
-4.5,33.5,Morocco,504,Africa,5
-4.5,34.5,Morocco,504,Africa,8
-4.5,37.5,Spain,724,Europe,10
-4.5,38.5,Spain,724,Europe,10
-4.5,39.5,Spain,724,Europe,10
-4.5,40.5,Spain,724,Europe,9
-4.5,41.5,Spain,724,Europe,10
-4.5,42.5,Spain,724,Europe,9
-4.5,48.5,France,250,Europe,1
-4.5,50.5,United Kingdom,826,Europe,0
-4.5,55.5,United Kingdom,826,Europe,0
-4.5,56.5,United Kingdom,826,Europe,0
-4.5,57.5,United Kingdom,826,Europe,0
-3.5,5.5,Côte d’Ivoire,384,Africa,1
-3.5,6.5,Côte d’Ivoire,384,Africa,0
-3.5,7.5,Côte d’Ivoire,384,Africa,1
-3.5,8.5,Côte d’Ivoire,384,Africa,0
-3.5,9.5,Côte d’Ivoire,384,Africa,0
-3.5,10.5,Burkina Faso,854,Africa,1
-3.5,11.5,Burkina Faso,854,Africa,0
-3.5,12.5,Burkina Faso,854,Africa,0
-3.5,13.5,Mali,466,Africa,1
-3.5,15.5,Mali,466,Africa,0
-3.5,16.5,Mali,466,Africa,8
-3.5,31.5,Algeria,12,Africa,1
-3.5,32.5,Morocco,504,Africa,0
-3.5,33.5,Morocco,504,Africa,6
-3.5,34.5,Morocco,504,Africa,9
-3.5,37.5,Spain,724,Europe,10
-3.5,38.5,Spain,724,Europe,10
-3.5,39.5,Spain,724,Europe,10
-3.5,40.5,Spain,724,Europe,10
-3.5,41.5,Spain,724,Europe,8
-3.5,42.5,Spain,724,Europe,4
-3.5,48.5,France,250,Europe,0
-3.5,51.5,United Kingdom,826,Europe,0
-3.5,52.5,United Kingdom,826,Europe,0
-3.5,54.5,United Kingdom,826,Europe,0
-3.5,55.5,United Kingdom,826,Europe,0
-3.5,56.5,United Kingdom,826,Europe,0
-3.5,57.5,United Kingdom,826,Europe,0
-3.5,58.5,United Kingdom,826,Europe,0
-2.5,5.5,Ghana,288,Africa,0
-2.5,6.5,Ghana,288,Africa,0
-2.5,7.5,Ghana,288,Africa,0
-2.5,8.5,Ghana,288,Africa,0
-2.5,9.5,Ghana,288,Africa,0
-2.5,10.5,Ghana,288,Africa,0
-2.5,11.5,Burkina Faso,854,Africa,0
-2.5,12.5,Burkina Faso,854,Africa,0
-2.5,13.5,Burkina Faso,854,Africa,0
-2.5,14.5,Mali,466,Africa,0
-2.5,16.5,Mali,466,Africa,3
-2.5,30.5,Algeria,12,Africa,0
-2.5,31.5,Algeria,12,Africa,0
-2.5,32.5,Morocco,504,Africa,0
-2.5,33.5,Morocco,504,Africa,0
-2.5,34.5,Morocco,504,Africa,10
-2.5,37.5,Spain,724,Europe,10
-2.5,38.5,Spain,724,Europe,9
-2.5,39.5,Spain,724,Europe,10
-2.5,40.5,Spain,724,Europe,6
-2.5,41.5,Spain,724,Europe,5
-2.5,42.5,Spain,724,Europe,10
-2.5,48.5,France,250,Europe,0
-2.5,51.5,United Kingdom,826,Europe,0
-2.5,52.5,United Kingdom,826,Europe,5
-2.5,53.5,United Kingdom,826,Europe,0
-2.5,54.5,United Kingdom,826,Europe,0
-2.5,55.5,United Kingdom,826,Europe,0
-2.5,57.5,United Kingdom,826,Europe,0
-1.5,5.5,Ghana,288,Africa,0
-1.5,6.5,Ghana,288,Africa,3
-1.5,7.5,Ghana,288,Africa,0
-1.5,8.5,Ghana,288,Africa,0
-1.5,9.5,Ghana,288,Africa,0
-1.5,10.5,Ghana,288,Africa,0
-1.5,11.5,Burkina Faso,854,Africa,0
-1.5,12.5,Burkina Faso,854,Africa,0
-1.5,13.5,Burkina Faso,854,Africa,0
-1.5,14.5,Burkina Faso,854,Africa,0
-1.5,16.5,Mali,466,Africa,0
-1.5,32.5,Morocco,504,Africa,0
-1.5,33.5,Algeria,12,Africa,0
-1.5,34.5,Algeria,12,Africa,10
-1.5,37.5,Spain,724,Europe,10
-1.5,38.5,Spain,724,Europe,10
-1.5,39.5,Spain,724,Europe,9
-1.5,40.5,Spain,724,Europe,7
-1.5,41.5,Spain,724,Europe,10
-1.5,42.5,Spain,724,Europe,10
-1.5,43.5,France,250,Europe,6
-1.5,46.5,France,250,Europe,8
-1.5,47.5,France,250,Europe,8
-1.5,48.5,France,250,Europe,2
-1.5,49.5,France,250,Europe,1
-1.5,51.5,United Kingdom,826,Europe,1
-1.5,52.5,United Kingdom,826,Europe,2
-1.5,53.5,United Kingdom,826,Europe,3
-1.5,54.5,United Kingdom,826,Europe,0
-0.5,5.5,Ghana,288,Africa,4
-0.5,6.5,Ghana,288,Africa,0
-0.5,7.5,Ghana,288,Africa,0
-0.5,8.5,Ghana,288,Africa,0
-0.5,9.5,Ghana,288,Africa,0
-0.5,10.5,Ghana,288,Africa,1
-0.5,11.5,Burkina Faso,854,Africa,2
-0.5,12.5,Burkina Faso,854,Africa,0
-0.5,13.5,Burkina Faso,854,Africa,0
-0.5,14.5,Burkina Faso,854,Africa,0
-0.5,15.5,Mali,466,Africa,0
-0.5,27.5,Algeria,12,Africa,3
-0.5,28.5,Algeria,12,Africa,0
-0.5,32.5,Algeria,12,Africa,0
-0.5,33.5,Algeria,12,Africa,0
-0.5,34.5,Algeria,12,Africa,3
-0.5,35.5,Algeria,12,Africa,9
-0.5,38.5,Spain,724,Europe,10
-0.5,39.5,Spain,724,Europe,10
-0.5,40.5,Spain,724,Europe,4
-0.5,41.5,Spain,724,Europe,10
-0.5,42.5,Spain,724,Europe,10
-0.5,43.5,France,250,Europe,9
-0.5,44.5,France,250,Europe,8
-0.5,45.5,France,250,Europe,10
-0.5,46.5,France,250,Europe,9
-0.5,47.5,France,250,Europe,9
-0.5,48.5,France,250,Europe,0
-0.5,51.5,United Kingdom,826,Europe,1
-0.5,52.5,United Kingdom,826,Europe,3
-0.5,53.5,United Kingdom,826,Europe,6
0.5,6.5,Ghana,288,Africa,2
0.5,7.5,Togo,768,Africa,1
0.5,8.5,Ghana,288,Africa,0
0.5,9.5,Togo,768,Africa,0
0.5,10.5,Togo,768,Africa,0
0.5,11.5,Burkina Faso,854,Africa,0
0.5,12.5,Burkina Faso,854,Africa,0
0.5,13.5,Burkina Faso,854,Africa,0
0.5,14.5,Niger,562,Africa,0
0.5,15.5,Mali,466,Africa,1
0.5,26.5,Algeria,12,Africa,0
0.5,27.5,Algeria,12,Africa,0
0.5,28.5,Algeria,12,Africa,0
0.5,33.5,Algeria,12,Africa,0
0.5,34.5,Algeria,12,Africa,7
0.5,35.5,Algeria,12,Africa,10
0.5,40.5,Spain,724,Europe,10
0.5,41.5,Spain,724,Europe,10
0.5,42.5,Spain,724,Europe,8
0.5,43.5,France,250,Europe,10
0.5,44.5,France,250,Europe,10
0.5,45.5,France,250,Europe,9
0.5,46.5,France,250,Europe,9
0.5,47.5,France,250,Europe,8
0.5,48.5,France,250,Europe,4
0.5,49.5,France,250,Europe,1
0.5,51.5,United Kingdom,826,Europe,3
0.5,52.5,United Kingdom,826,Europe,9
1.5,6.5,Togo,768,Africa,1
1.5,7.5,Togo,768,Africa,0
1.5,8.5,Togo,768,Africa,0
1.5,9.5,Benin,204,Africa,0
1.5,10.5,Benin,204,Africa,0
1.5,12.5,Burkina Faso,854,Africa,0
1.5,13.5,Niger,562,Africa,0
1.5,14.5,Niger,562,Africa,1
1.5,26.5,Algeria,12,Africa,0
1.5,27.5,Algeria,12,Africa,0
1.5,33.5,Algeria,12,Africa,0
1.5,34.5,Algeria,12,Africa,0
1.5,35.5,Algeria,12,Africa,7
1.5,36.5,Algeria,12,Africa,10
1.5,41.5,Spain,724,Europe,10
1.5,42.5,Andorra,20,Europe,5
1.5,43.5,France,250,Europe,10
1.5,44.5,France,250,Europe,10
1.5,45.5,France,250,Europe,1
1.5,46.5,France,250,Europe,6
1.5,47.5,France,250,Europe,10
1.5,48.5,France,250,Europe,10
1.5,49.5,France,250,Europe,1
1.5,52.5,United Kingdom,826,Europe,8
2.5,6.5,Benin,204,Africa,2
2.5,7.5,Benin,204,Africa,0
2.5,8.5,Benin,204,Africa,0
2.5,9.5,Benin,204,Africa,0
2.5,10.5,Benin,204,Africa,1
2.5,11.5,Benin,204,Africa,0
2.5,12.5,Niger,562,Africa,0
2.5,13.5,Niger,562,Africa,2
2.5,27.5,Algeria,12,Africa,0
2.5,30.5,Algeria,12,Africa,0
2.5,33.5,Algeria,12,Africa,0
2.5,34.5,Algeria,12,Africa,0
2.5,35.5,Algeria,12,Africa,1
2.5,36.5,Algeria,12,Africa,9
2.5,39.5,Spain,724,Europe,2
2.5,42.5,France,250,Europe,10
2.5,43.5,France,250,Europe,10
2.5,44.5,France,250,Europe,6
2.5,45.5,France,250,Europe,0
2.5,46.5,France,250,Europe,4
2.5,47.5,France,250,Europe,10
2.5,48.5,France,250,Europe,10
2.5,49.5,France,250,Europe,8
2.5,50.5,France,250,Europe,7
3.5,7.5,Nigeria,566,Africa,0
3.5,8.5,Nigeria,566,Africa,0
3.5,9.5,Nigeria,566,Africa,0
3.5,10.5,Benin,204,Africa,1
3.5,11.5,Nigeria,566,Africa,0
3.5,12.5,Niger,562,Africa,0
3.5,30.5,Algeria,12,Africa,0
3.5,32.5,Algeria,12,Africa,0
3.5,33.5,Algeria,12,Africa,0
3.5,34.5,Algeria,12,Africa,0
3.5,35.5,Algeria,12,Africa,0
3.5,36.5,Algeria,12,Africa,10
3.5,43.5,France,250,Europe,8
3.5,44.5,France,250,Europe,3
3.5,45.5,France,250,Europe,7
3.5,46.5,France,250,Europe,7
3.5,47.5,France,250,Europe,5
3.5,48.5,France,250,Europe,8
3.5,49.5,France,250,Europe,8
3.5,50.5,Belgium,56,Europe,4
4.5,6.5,Nigeria,566,Africa,1
4.5,7.5,Nigeria,566,Africa,0
4.5,8.5,Nigeria,566,Africa,0
4.5,9.5,Nigeria,566,Africa,0
4.5,10.5,Nigeria,566,Africa,0
4.5,11.5,Nigeria,566,Africa,0
4.5,12.5,Nigeria,566,Africa,2
4.5,13.5,Nigeria,566,Africa,0
4.5,32.5,Algeria,12,Africa,0
4.5,34.5,Algeria,12,Africa,0
4.5,35.5,Algeria,12,Africa,6
4.5,36.5,Algeria,12,Africa,9
4.5,43.5,France,250,Europe,10
4.5,44.5,France,250,Europe,10
4.5,45.5,France,250,Europe,10
4.5,46.5,France,250,Europe,2
4.5,47.5,France,250,Europe,1
4.5,48.5,France,250,Europe,7
4.5,49.5,France,250,Europe,5
4.5,50.5,Belgium,56,Europe,1
4.5,51.5,Netherlands,528,Europe,7
5.5,5.5,Nigeria,566,Africa,0
5.5,6.5,Nigeria,566,Africa,1
5.5,7.5,Nigeria,566,Africa,0
5.5,8.5,Nigeria,566,Africa,3
5.5,9.5,Nigeria,566,Africa,4
5.5,10.5,Nigeria,566,Africa,0
5.5,11.5,Nigeria,566,Africa,0
5.5,12.5,Nigeria,566,Africa,3
5.5,13.5,Nigeria,566,Africa,7
5.5,14.5,Niger,562,Africa,5
5.5,15.5,Niger,562,Africa,0
5.5,31.5,Algeria,12,Africa,0
5.5,32.5,Algeria,12,Africa,0
5.5,33.5,Algeria,12,Africa,0
5.5,34.5,Algeria,12,Africa,8
5.5,35.5,Algeria,12,Africa,7
5.5,36.5,Algeria,12,Africa,5
5.5,43.5,France,250,Europe,8
5.5,44.5,France,250,Europe,9
5.5,45.5,France,250,Europe,9
5.5,46.5,France,250,Europe,3
5.5,47.5,France,250,Europe,6
5.5,48.5,France,250,Europe,0
5.5,49.5,France,250,Europe,1
5.5,50.5,Belgium,56,Europe,1
5.5,51.5,Netherlands,528,Europe,9
5.5,52.5,Netherlands,528,Europe,8
5.5,59.5,Norway,578,Europe,0
5.5,60.5,Norway,578,Europe,0
5.5,61.5,Norway,578,Europe,0
6.5,4.5,Nigeria,566,Africa,0
6.5,5.5,Nigeria,566,Africa,2
6.5,6.5,Nigeria,566,Africa,1
6.5,7.5,Nigeria,566,Africa,1
6.5,8.5,Nigeria,566,Africa,0
6.5,9.5,Nigeria,566,Africa,0
6.5,11.5,Nigeria,566,Africa,0
6.5,12.5,Nigeria,566,Africa,4
6.5,13.5,Niger,562,Africa,0
6.5,14.5,Niger,562,Africa,0
6.5,30.5,Algeria,12,Africa,0
6.5,32.5,Algeria,12,Africa,0
6.5,33.5,Algeria,12,Africa,1
6.5,34.5,Algeria,12,Africa,6
6.5,35.5,Algeria,12,Africa,6
6.5,36.5,Algeria,12,Africa,8
6.5,43.5,France,250,Europe,3
6.5,44.5,France,250,Europe,3
6.5,45.5,France,250,Europe,0
6.5,46.5,Switzerland,756,Europe,2
6.5,47.5,France,250,Europe,0
6.5,48.5,France,250,Europe,0
6.5,49.5,Germany,276,Europe,0
6.5,50.5,Germany,276,Europe,3
6.5,51.5,Germany,276,Europe,9
6.5,52.5,Netherlands,528,Europe,8
6.5,58.5,Norway,578,Europe,0
6.5,59.5,Norway,578,Europe,0
6.5,60.5,Norway,578,Europe,0
6.5,61.5,Norway,578,Europe,0
6.5,62.5,Norway,578,Europe,0
7.5,5.5,Nigeria,566,Africa,1
7.5,6.5,Nigeria,566,Africa,1
7.5,7.5,Nigeria,566,Africa,3
7.5,8.5,Nigeria,566,Africa,1
7.5,9.5,Nigeria,566,Africa,1
7.5,10.5,Nigeria,566,Africa,2
7.5,11.5,Nigeria,566,Africa,0
7.5,12.5,Nigeria,566,Africa,2
7.5,13.5,Niger,562,Africa,0
7.5,14.5,Niger,562,Africa,0
7.5,15.5,Niger,562,Africa,0
7.5,16.5,Niger,562,Africa,0
7.5,19.5,Niger,562,Africa,0
7.5,33.5,Algeria,12,Africa,0
7.5,34.5,Algeria,12,Africa,0
7.5,35.5,Algeria,12,Africa,2
7.5,36.5,Algeria,12,Africa,8
7.5,44.5,Italy,380,Europe,10
7.5,45.5,Italy,380,Europe,10
7.5,46.5,Switzerland,756,Europe,5
7.5,47.5,Switzerland,756,Europe,9
7.5,48.5,France,250,Europe,9
7.5,49.5,Germany,276,Europe,2
7.5,50.5,Germany,276,Europe,1
7.5,51.5,Germany,276,Europe,1
7.5,52.5,Germany,276,Europe,3
7.5,53.5,Germany,276,Europe,1
7.5,58.5,Norway,578,Europe,0
7.5,59.5,Norway,578,Europe,0
7.5,60.5,Norway,578,Europe,0
7.5,61.5,Norway,578,Europe,0
7.5,62.5,Norway,578,Europe,0
8.5,5.5,Nigeria,566,Africa,1
8.5,6.5,Nigeria,566,Africa,1
8.5,7.5,Nigeria,566,Africa,1
8.5,8.5,Nigeria,566,Africa,0
8.5,9.5,Nigeria,566,Africa,0
8.5,11.5,Nigeria,566,Africa,8
8.5,12.5,Nigeria,566,Africa,2
8.5,13.5,Niger,562,Africa,0
8.5,14.5,Niger,562,Africa,0
8.5,33.5,Tunisia,788,Africa,5
8.5,34.5,Tunisia,788,Africa,5
8.5,35.5,Tunisia,788,Africa,7
8.5,36.5,Tunisia,788,Africa,10
8.5,39.5,Italy,380,Europe,10
8.5,40.5,Italy,380,Europe,6
8.5,44.5,Italy,380,Europe,10
8.5,45.5,Italy,380,Europe,10
8.5,46.5,Switzerland,756,Europe,0
8.5,47.5,Switzerland,756,Europe,0
8.5,48.5,Germany,276,Europe,2
8.5,49.5,Germany,276,Europe,9
8.5,50.5,Germany,276,Europe,2
8.5,51.5,Germany,276,Europe,1
8.5,52.5,Germany,276,Europe,2
8.5,55.5,Denmark,208,Europe,10
8.5,56.5,Denmark,208,Europe,9
8.5,58.5,Norway,578,Europe,0
8.5,59.5,Norway,578,Europe,0
8.5,60.5,Norway,578,Europe,0
8.5,61.5,Norway,578,Europe,0
8.5,62.5,Norway,578,Europe,0
8.5,63.5,Norway,578,Europe,0
9.5,-1.5,Gabon,266,Africa,0
9.5,-0.5,Gabon,266,Africa,0
9.5,0.5,Gabon,266,Africa,0
9.5,4.5,Cameroon,120,Africa,1
9.5,5.5,Cameroon,120,Africa,0
9.5,6.5,Nigeria,566,Africa,0
9.5,7.5,Nigeria,566,Africa,0
9.5,8.5,Nigeria,566,Africa,3
9.5,9.5,Nigeria,566,Africa,0
9.5,10.5,Nigeria,566,Africa,0
9.5,11.5,Nigeria,566,Africa,2
9.5,12.5,Nigeria,566,Africa,1
9.5,13.5,Niger,562,Africa,0
9.5,14.5,Niger,562,Africa,0
9.5,24.5,Algeria,12,Africa,0
9.5,30.5,Tunisia,788,Africa,0
9.5,33.5,Tunisia,788,Africa,0
9.5,34.5,Tunisia,788,Africa,7
9.5,35.5,Tunisia,788,Africa,9
9.5,36.5,Tunisia,788,Africa,10
9.5,39.5,Italy,380,Europe,6
9.5,40.5,Italy,380,Europe,3
9.5,42.5,France,250,Europe,4
9.5,44.5,Italy,380,Europe,9
9.5,45.5,Italy,380,Europe,10
9.5,46.5,Switzerland,756,Europe,0
9.5,47.5,Switzerland,756,Europe,0
9.5,48.5,Germany,276,Europe,1
9.5,49.5,Germany,276,Europe,2
9.5,50.5,Germany,276,Europe,1
9.5,51.5,Germany,276,Europe,1
9.5,52.5,Germany,276,Europe,6
9.5,53.5,Germany,276,Europe,3
9.5,54.5,Germany,276,Europe,6
9.5,55.5,Denmark,208,Europe,10
9.5,56.5,Denmark,208,Europe,9
9.5,59.5,Norway,578,Europe,0
9.5,60.5,Norway,578,Europe,0
9.5,61.5,Norway,578,Europe,0
9.5,62.5,Norway,578,Europe,0
9.5,63.5,Norway,578,Europe,0
10.5,-2.5,Gabon,266,Africa,0
10.5,3.5,Cameroon,120,Africa,0
10.5,4.5,Cameroon,120,Africa,0
10.5,5.5,Cameroon,120,Africa,0
10.5,6.5,Cameroon,120,Africa,0
10.5,7.5,Nigeria,566,Africa,0
10.5,8.5,Nigeria,566,Africa,2
10.5,9.5,Nigeria,566,Africa,1
10.5,10.5,Nigeria,566,Africa,0
10.5,11.5,Nigeria,566,Africa,1
10.5,12.5,Nigeria,566,Africa,6
10.5,24.5,Libya,434,Africa,0
10.5,25.5,Libya,434,Africa,0
10.5,30.5,Libya,434,Africa,0
10.5,31.5,Libya,434,Africa,0
10.5,32.5,Tunisia,788,Africa,0
10.5,33.5,Tunisia,788,Africa,6
10.5,35.5,Tunisia,788,Africa,9
10.5,36.5,Tunisia,788,Africa,9
10.5,43.5,Italy,380,Europe,9
10.5,44.5,Italy,380,Europe,10
10.5,45.5,Italy,380,Europe,10
10.5,46.5,Italy,380,Europe,5
10.5,47.5,Austria,40,Europe,0
10.5,48.5,Germany,276,Europe,2
10.5,49.5,Germany,276,Europe,4
10.5,50.5,Germany,276,Europe,1
10.5,51.5,Germany,276,Europe,1
10.5,52.5,Germany,276,Europe,9
10.5,53.5,Germany,276,Europe,8
10.5,55.5,Denmark,208,Europe,5
10.5,56.5,Denmark,208,Europe,7
10.5,60.5,Norway,578,Europe,7
10.5,61.5,Norway,578,Europe,0
10.5,62.5,Norway,578,Europe,0
11.5,-3.5,Gabon,266,Africa,0
11.5,-2.5,Gabon,266,Africa,0
11.5,-0.5,Gabon,266,Africa,0
11.5,1.5,Gabon,266,Africa,0
11.5,2.5,Cameroon,120,Africa,0
11.5,3.5,Cameroon,120,Africa,0
11.5,4.5,Cameroon,120,Africa,0
11.5,5.5,Cameroon,120,Africa,0
11.5,6.5,Cameroon,120,Africa,0
11.5,7.5,Nigeria,566,Africa,0
11.5,8.5,Nigeria,566,Africa,1
11.5,9.5,Nigeria,566,Africa,1
11.5,10.5,Nigeria,566,Africa,0
11.5,11.5,Nigeria,566,Africa,0
11.5,12.5,Nigeria,566,Africa,5
11.5,13.5,Niger,562,Africa,0
11.5,31.5,Libya,434,Africa,0
11.5,32.5,Tunisia,788,Africa,0
11.5,42.5,Italy,380,Europe,9
11.5,43.5,Italy,380,Europe,8
11.5,44.5,Italy,380,Europe,10
11.5,45.5,Italy,380,Europe,10
11.5,46.5,Italy,380,Europe,7
11.5,47.5,Austria,40,Europe,0
11.5,48.5,Germany,276,Europe,2
11.5,49.5,Germany,276,Europe,1
11.5,50.5,Germany,276,Europe,1
11.5,51.5,Germany,276,Europe,5
11.5,52.5,Germany,276,Europe,3
11.5,53.5,Germany,276,Europe,4
11.5,55.5,Denmark,208,Europe,6
11.5,58.5,Sweden,752,Europe,0
11.5,59.5,Norway,578,Europe,1
11.5,60.5,Norway,578,Europe,3
11.5,61.5,Norway,578,Europe,0
11.5,62.5,Norway,578,Europe,0
11.5,63.5,Norway,578,Europe,0
11.5,64.5,Norway,578,Europe,0
12.5,-15.5,Angola,24,Africa,0
12.5,-14.5,Angola,24,Africa,0
12.5,-6.5,Angola,24,Africa,0
12.5,-5.5,Angola,24,Africa,0
12.5,-4.5,Congo - Brazzaville,178,Africa,0
12.5,-3.5,Congo - Brazzaville,178,Africa,0
12.5,-2.5,Congo - Brazzaville,178,Africa,0
12.5,-1.5,Gabon,266,Africa,0
12.5,0.5,Gabon,266,Africa,0
12.5,2.5,Cameroon,120,Africa,0
12.5,3.5,Cameroon,120,Africa,0
12.5,4.5,Cameroon,120,Africa,0
12.5,5.5,Cameroon,120,Africa,0
12.5,7.5,Cameroon,120,Africa,1
12.5,8.5,Cameroon,120,Africa,0
12.5,9.5,Nigeria,566,Africa,1
12.5,10.5,Nigeria,566,Africa,1
12.5,11.5,Nigeria,566,Africa,0
12.5,12.5,Nigeria,566,Africa,0
12.5,13.5,Niger,562,Africa,1
12.5,25.5,Libya,434,Africa,0
12.5,26.5,Libya,434,Africa,1
12.5,31.5,Libya,434,Africa,0
12.5,32.5,Libya,434,Africa,10
12.5,42.5,Italy,380,Europe,10
12.5,43.5,Italy,380,Europe,10
12.5,45.5,Italy,380,Europe,10
12.5,46.5,Italy,380,Europe,10
12.5,47.5,Austria,40,Europe,0
12.5,48.5,Germany,276,Europe,2
12.5,49.5,Germany,276,Europe,2
12.5,50.5,Germany,276,Europe,1
12.5,51.5,Germany,276,Europe,4
12.5,52.5,Germany,276,Europe,1
12.5,53.5,Germany,276,Europe,1
12.5,57.5,Sweden,752,Europe,0
12.5,58.5,Sweden,752,Europe,1
12.5,59.5,Sweden,752,Europe,0
12.5,60.5,Norway,578,Europe,0
12.5,61.5,Norway,578,Europe,0
12.5,63.5,Sweden,752,Europe,0
12.5,64.5,Norway,578,Europe,0
12.5,65.5,Norway,578,Europe,0
13.5,-17.5,Namibia,516,Africa,0
13.5,-16.5,Angola,24,Africa,0
13.5,-15.5,Angola,24,Africa,0
13.5,-14.5,Angola,24,Africa,0
13.5,-13.5,Angola,24,Africa,0
13.5,-12.5,Angola,24,Africa,1
13.5,-9.5,Angola,24,Africa,0
13.5,-8.5,Angola,24,Africa,4
13.5,-7.5,Angola,24,Africa,0
13.5,-6.5,Angola,24,Africa,0
13.5,-5.5,Congo - Kinshasa,180,Africa,1
13.5,-4.5,Congo - Brazzaville,178,Africa,1
13.5,-3.5,Congo - Brazzaville,178,Africa,0
13.5,-2.5,Congo - Brazzaville,178,Africa,0
13.5,-1.5,Gabon,266,Africa,1
13.5,2.5,Cameroon,120,Africa,0
13.5,3.5,Cameroon,120,Africa,0
13.5,4.5,Cameroon,120,Africa,0
13.5,5.5,Cameroon,120,Africa,0
13.5,7.5,Cameroon,120,Africa,0
13.5,8.5,Cameroon,120,Africa,0
13.5,9.5,Cameroon,120,Africa,2
13.5,10.5,Nigeria,566,Africa,0
13.5,11.5,Nigeria,566,Africa,0
13.5,12.5,Nigeria,566,Africa,6
13.5,13.5,Nigeria,566,Africa,2
13.5,14.5,Niger,562,Africa,1
13.5,25.5,Libya,434,Africa,0
13.5,26.5,Libya,434,Africa,2
13.5,27.5,Libya,434,Africa,0
13.5,30.5,Libya,434,Africa,0
13.5,31.5,Libya,434,Africa,0
13.5,32.5,Libya,434,Africa,10
13.5,37.5,Italy,380,Europe,8
13.5,41.5,Italy,380,Europe,10
13.5,42.5,Italy,380,Europe,10
13.5,43.5,Italy,380,Europe,10
13.5,46.5,Italy,380,Europe,5
13.5,47.5,Austria,40,Europe,0
13.5,48.5,Austria,40,Europe,2
13.5,49.5,Czechia,203,Europe,1
13.5,50.5,Czechia,203,Europe,1
13.5,51.5,Germany,276,Europe,4
13.5,52.5,Germany,276,Europe,2
13.5,53.5,Germany,276,Europe,2
13.5,54.5,Germany,276,Europe,2
13.5,55.5,Sweden,752,Europe,7
13.5,56.5,Sweden,752,Europe,4
13.5,57.5,Sweden,752,Europe,0
13.5,58.5,Sweden,752,Europe,0
13.5,59.5,Sweden,752,Europe,0
13.5,60.5,Sweden,752,Europe,0
13.5,62.5,Sweden,752,Europe,0
13.5,63.5,Sweden,752,Europe,0
13.5,64.5,Norway,578,Europe,0
13.5,65.5,Norway,578,Europe,0
13.5,66.5,Norway,578,Europe,0
14.5,-18.5,Namibia,516,Africa,0
14.5,-17.5,Namibia,516,Africa,0
14.5,-16.5,Angola,24,Africa,0
14.5,-14.5,Angola,24,Africa,0
14.5,-13.5,Angola,24,Africa,0
14.5,-12.5,Angola,24,Africa,0
14.5,-11.5,Angola,24,Africa,1
14.5,-10.5,Angola,24,Africa,0
14.5,-9.5,Angola,24,Africa,0
14.5,-8.5,Angola,24,Africa,0
14.5,-7.5,Angola,24,Africa,0
14.5,-6.5,Angola,24,Africa,1
14.5,-5.5,Congo - Kinshasa,180,Africa,2
14.5,-4.5,Congo - Brazzaville,178,Africa,1
14.5,-3.5,Congo - Brazzaville,178,Africa,0
14.5,-2.5,Congo - Brazzaville,178,Africa,0
14.5,-1.5,Congo - Brazzaville,178,Africa,0
14.5,2.5,Cameroon,120,Africa,0
14.5,4.5,Cameroon,120,Africa,0
14.5,7.5,Cameroon,120,Africa,0
14.5,8.5,Cameroon,120,Africa,0
14.5,9.5,Chad,148,Africa,0
14.5,10.5,Cameroon,120,Africa,2
14.5,11.5,Nigeria,566,Africa,0
14.5,12.5,Cameroon,120,Africa,5
14.5,13.5,Chad,148,Africa,2
14.5,24.5,Libya,434,Africa,0
14.5,25.5,Libya,434,Africa,0
14.5,26.5,Libya,434,Africa,3
14.5,27.5,Libya,434,Africa,6
14.5,30.5,Libya,434,Africa,0
14.5,31.5,Libya,434,Africa,0
14.5,32.5,Libya,434,Africa,5
14.5,37.5,Italy,380,Europe,10
14.5,41.5,Italy,380,Europe,10
14.5,45.5,Croatia,191,Europe,0
14.5,46.5,Austria,40,Europe,0
14.5,47.5,Austria,40,Europe,0
14.5,48.5,Austria,40,Europe,1
14.5,49.5,Czechia,203,Europe,1
14.5,50.5,Czechia,203,Europe,4
14.5,51.5,Germany,276,Europe,1
14.5,52.5,Germany,276,Europe,0
14.5,53.5,Poland,616,Europe,1
14.5,56.5,Sweden,752,Europe,8
14.5,57.5,Sweden,752,Europe,0
14.5,58.5,Sweden,752,Europe,0
14.5,59.5,Sweden,752,Europe,0
14.5,60.5,Sweden,752,Europe,0
14.5,61.5,Sweden,752,Europe,0
14.5,62.5,Sweden,752,Europe,0
14.5,63.5,Sweden,752,Europe,0
14.5,64.5,Sweden,752,Europe,0
14.5,65.5,Norway,578,Europe,0
14.5,66.5,Norway,578,Europe,0
15.5,-17.5,Namibia,516,Africa,0
15.5,-16.5,Angola,24,Africa,1
15.5,-15.5,Angola,24,Africa,0
15.5,-14.5,Angola,24,Africa,0
15.5,-12.5,Angola,24,Africa,0
15.5,-11.5,Angola,24,Africa,0
15.5,-10.5,Angola,24,Africa,0
15.5,-9.5,Angola,24,Africa,0
15.5,-8.5,Angola,24,Africa,0
15.5,-7.5,Angola,24,Africa,0
15.5,-6.5,Angola,24,Africa,0
15.5,-5.5,Congo - Kinshasa,180,Africa,0
15.5,-4.5,Congo - Kinshasa,180,Africa,0
15.5,-3.5,Congo - Brazzaville,178,Africa,0
15.5,-2.5,Congo - Brazzaville,178,Africa,0
15.5,-1.5,Congo - Brazzaville,178,Africa,0
15.5,-0.5,Congo - Brazzaville,178,Africa,0
15.5,0.5,Congo - Brazzaville,178,Africa,0
15.5,2.5,Cameroon,120,Africa,0
15.5,5.5,Central African Republic,140,Africa,0
15.5,8.5,Chad,148,Africa,0
15.5,9.5,Chad,148,Africa,0
15.5,10.5,Chad,148,Africa,6
15.5,11.5,Chad,148,Africa,0
15.5,12.5,Chad,148,Africa,0
15.5,13.5,Chad,148,Africa,1
15.5,14.5,Chad,148,Africa,0
15.5,25.5,Libya,434,Africa,0
15.5,26.5,Libya,434,Africa,0
15.5,27.5,Libya,434,Africa,0
15.5,28.5,Libya,434,Africa,0
15.5,29.5,Libya,434,Africa,0
15.5,30.5,Libya,434,Africa,0
15.5,31.5,Libya,434,Africa,0
15.5,40.5,Italy,380,Europe,9
15.5,41.5,Italy,380,Europe,10
15.5,44.5,Croatia,191,Europe,0
15.5,45.5,Croatia,191,Europe,0
15.5,46.5,Slovenia,705,Europe,0
15.5,47.5,Austria,40,Europe,0
15.5,48.5,Austria,40,Europe,4
15.5,49.5,Czechia,203,Europe,1
15.5,50.5,Czechia,203,Europe,1
15.5,51.5,Poland,616,Europe,1
15.5,52.5,Poland,616,Europe,0
15.5,53.5,Poland,616,Europe,0
15.5,56.5,Sweden,752,Europe,1
15.5,57.5,Sweden,752,Europe,0
15.5,58.5,Sweden,752,Europe,0
15.5,59.5,Sweden,752,Europe,0
15.5,60.5,Sweden,752,Europe,0
15.5,61.5,Sweden,752,Europe,0
15.5,62.5,Sweden,752,Europe,0
15.5,63.5,Sweden,752,Europe,0
15.5,64.5,Sweden,752,Europe,0
15.5,65.5,Sweden,752,Europe,0
15.5,68.5,Norway,578,Europe,0
16.5,-28.5,Namibia,516,Africa,0
16.5,-22.5,Namibia,516,Africa,0
16.5,-21.5,Namibia,516,Africa,0
16.5,-20.5,Namibia,516,Africa,0
16.5,-19.5,Namibia,516,Africa,0
16.5,-14.5,Angola,24,Africa,0
16.5,-13.5,Angola,24,Africa,0
16.5,-12.5,Angola,24,Africa,0
16.5,-11.5,Angola,24,Africa,0
16.5,-10.5,Angola,24,Africa,0
16.5,-9.5,Angola,24,Africa,0
16.5,-8.5,Angola,24,Africa,0
16.5,-7.5,Angola,24,Africa,0
16.5,-6.5,Angola,24,Africa,0
16.5,-5.5,Congo - Kinshasa,180,Africa,0
16.5,-4.5,Congo - Kinshasa,180,Africa,0
16.5,-3.5,Congo - Kinshasa,180,Africa,0
16.5,-2.5,Congo - Kinshasa,180,Africa,0
16.5,-1.5,Congo - Brazzaville,178,Africa,0
16.5,-0.5,Congo - Brazzaville,178,Africa,0
16.5,2.5,Congo - Brazzaville,178,Africa,0
16.5,6.5,Central African Republic,140,Africa,0
16.5,8.5,Chad,148,Africa,1
16.5,9.5,Chad,148,Africa,1
16.5,10.5,Chad,148,Africa,0
16.5,11.5,Chad,148,Africa,0
16.5,12.5,Chad,148,Africa,0
16.5,13.5,Chad,148,Africa,0
16.5,21.5,Chad,148,Africa,0
16.5,29.5,Libya,434,Africa,0
16.5,30.5,Libya,434,Africa,0
16.5,38.5,Italy,380,Europe,7
16.5,39.5,Italy,380,Europe,10
16.5,40.5,Italy,380,Europe,10
16.5,44.5,Bosnia & Herzegovina,70,Europe,0
16.5,45.5,Croatia,191,Europe,0
16.5,46.5,Croatia,191,Europe,0
16.5,47.5,Austria,40,Europe,4
16.5,48.5,Austria,40,Europe,9
16.5,49.5,Czechia,203,Europe,0
16.5,50.5,Poland,616,Europe,1
16.5,51.5,Poland,616,Europe,1
16.5,52.5,Poland,616,Europe,0
16.5,53.5,Poland,616,Europe,0
16.5,54.5,Poland,616,Europe,0
16.5,56.5,Sweden,752,Europe,1
16.5,57.5,Sweden,752,Europe,0
16.5,58.5,Sweden,752,Europe,0
16.5,59.5,Sweden,752,Europe,1
16.5,60.5,Sweden,752,Europe,0
16.5,61.5,Sweden,752,Europe,0
16.5,62.5,Sweden,752,Europe,0
16.5,63.5,Sweden,752,Europe,0
16.5,64.5,Sweden,752,Europe,0
16.5,65.5,Sweden,752,Europe,0
17.5,-30.5,South Africa,710,Africa,0
17.5,-29.5,South Africa,710,Africa,0
17.5,-28.5,Namibia,516,Africa,0
17.5,-25.5,Namibia,516,Africa,0
17.5,-24.5,Namibia,516,Africa,0
17.5,-22.5,Namibia,516,Africa,0
17.5,-21.5,Namibia,516,Africa,0
17.5,-20.5,Namibia,516,Africa,0
17.5,-19.5,Namibia,516,Africa,0
17.5,-18.5,Namibia,516,Africa,0
17.5,-16.5,Angola,24,Africa,0
17.5,-14.5,Angola,24,Africa,0
17.5,-13.5,Angola,24,Africa,0
17.5,-12.5,Angola,24,Africa,0
17.5,-11.5,Angola,24,Africa,0
17.5,-10.5,Angola,24,Africa,0
17.5,-9.5,Angola,24,Africa,0
17.5,-8.5,Angola,24,Africa,0
17.5,-7.5,Congo - Kinshasa,180,Africa,0
17.5,-6.5,Congo - Kinshasa,180,Africa,0
17.5,-5.5,Congo - Kinshasa,180,Africa,0
17.5,-4.5,Congo - Kinshasa,180,Africa,0
17.5,-3.5,Congo - Kinshasa,180,Africa,0
17.5,-2.5,Congo - Kinshasa,180,Africa,0
17.5,-1.5,Congo - Kinshasa,180,Africa,0
17.5,-0.5,Congo - Brazzaville,178,Africa,0
17.5,0.5,Congo - Brazzaville,178,Africa,0
17.5,8.5,Chad,148,Africa,1
17.5,9.5,Chad,148,Africa,1
17.5,10.5,Chad,148,Africa,0
17.5,11.5,Chad,148,Africa,0
17.5,12.5,Chad,148,Africa,1
17.5,13.5,Chad,148,Africa,0
17.5,20.5,Chad,148,Africa,0
17.5,21.5,Chad,148,Africa,0
17.5,28.5,Libya,434,Africa,0
17.5,40.5,Italy,380,Europe,10
17.5,43.5,Bosnia & Herzegovina,70,Europe,1
17.5,45.5,Croatia,191,Europe,1
17.5,46.5,Hungary,348,Europe,1
17.5,47.5,Hungary,348,Europe,8
17.5,48.5,Slovakia,703,Europe,9
17.5,49.5,Czechia,203,Europe,0
17.5,50.5,Poland,616,Europe,1
17.5,51.5,Poland,616,Europe,1
17.5,52.5,Poland,616,Europe,0
17.5,53.5,Poland,616,Europe,0
17.5,54.5,Poland,616,Europe,1
17.5,59.5,Sweden,752,Europe,1
17.5,60.5,Sweden,752,Europe,0
17.5,62.5,Sweden,752,Europe,0
17.5,63.5,Sweden,752,Europe,0
17.5,64.5,Sweden,752,Europe,0
17.5,65.5,Sweden,752,Europe,0
18.5,-33.5,South Africa,710,Africa,9
18.5,-32.5,South Africa,710,Africa,9
18.5,-31.5,South Africa,710,Africa,8
18.5,-30.5,South Africa,710,Africa,0
18.5,-29.5,South Africa,710,Africa,0
18.5,-28.5,Namibia,516,Africa,0
18.5,-25.5,Namibia,516,Africa,0
18.5,-24.5,Namibia,516,Africa,0
18.5,-22.5,Namibia,516,Africa,0
18.5,-21.5,Namibia,516,Africa,0
18.5,-20.5,Namibia,516,Africa,0
18.5,-19.5,Namibia,516,Africa,0
18.5,-17.5,Namibia,516,Africa,0
18.5,-15.5,Angola,24,Africa,0
18.5,-14.5,Angola,24,Africa,0
18.5,-13.5,Angola,24,Africa,0
18.5,-12.5,Angola,24,Africa,0
18.5,-11.5,Angola,24,Africa,0
18.5,-10.5,Angola,24,Africa,0
18.5,-9.5,Angola,24,Africa,0
18.5,-8.5,Angola,24,Africa,0
18.5,-7.5,Congo - Kinshasa,180,Africa,0
18.5,-6.5,Congo - Kinshasa,180,Africa,0
18.5,-5.5,Congo - Kinshasa,180,Africa,0
18.5,-4.5,Congo - Kinshasa,180,Africa,0
18.5,-3.5,Congo - Kinshasa,180,Africa,0
18.5,-2.5,Congo - Kinshasa,180,Africa,0
18.5,0.5,Congo - Kinshasa,180,Africa,0
18.5,3.5,Congo - Brazzaville,178,Africa,0
18.5,4.5,Central African Republic,140,Africa,0
18.5,8.5,Chad,148,Africa,0
18.5,9.5,Chad,148,Africa,0
18.5,11.5,Chad,148,Africa,0
18.5,12.5,Chad,148,Africa,0
18.5,17.5,Chad,148,Africa,0
18.5,18.5,Chad,148,Africa,0
18.5,42.5,Montenegro,499,Europe,3
18.5,43.5,Bosnia & Herzegovina,70,Europe,0
18.5,44.5,Bosnia & Herzegovina,70,Europe,0
18.5,45.5,Croatia,191,Europe,5
18.5,46.5,Hungary,348,Europe,7
18.5,47.5,Hungary,348,Europe,4
18.5,48.5,Slovakia,703,Europe,5
18.5,49.5,Czechia,203,Europe,0
18.5,50.5,Poland,616,Europe,0
18.5,51.5,Poland,616,Europe,0
18.5,52.5,Poland,616,Europe,0
18.5,53.5,Poland,616,Europe,0
18.5,54.5,Poland,616,Europe,0
18.5,57.5,Sweden,752,Europe,1
18.5,63.5,Sweden,752,Europe,0
18.5,64.5,Sweden,752,Europe,0
18.5,65.5,Sweden,752,Europe,0
19.5,-34.5,South Africa,710,Africa,9
19.5,-33.5,South Africa,710,Africa,9
19.5,-32.5,South Africa,710,Africa,7
19.5,-31.5,South Africa,710,Africa,0
19.5,-29.5,South Africa,710,Africa,0
19.5,-28.5,Namibia,516,Africa,0
19.5,-22.5,Namibia,516,Africa,0
19.5,-21.5,Namibia,516,Africa,0
19.5,-19.5,Namibia,516,Africa,0
19.5,-17.5,Angola,24,Africa,0
19.5,-15.5,Angola,24,Africa,1
19.5,-14.5,Angola,24,Africa,0
19.5,-13.5,Angola,24,Africa,0
19.5,-12.5,Angola,24,Africa,0
19.5,-11.5,Angola,24,Africa,0
19.5,-10.5,Angola,24,Africa,0
19.5,-9.5,Angola,24,Africa,0
19.5,-8.5,Angola,24,Africa,0
19.5,-7.5,Angola,24,Africa,0
19.5,-6.5,Congo - Kinshasa,180,Africa,0
19.5,-5.5,Congo - Kinshasa,180,Africa,0
19.5,-4.5,Congo - Kinshasa,180,Africa,0
19.5,-2.5,Congo - Kinshasa,180,Africa,0
19.5,9.5,Chad,148,Africa,0
19.5,10.5,Chad,148,Africa,0
19.5,12.5,Chad,148,Africa,0
19.5,13.5,Chad,148,Africa,0
19.5,17.5,Chad,148,Africa,0
19.5,19.5,Chad,148,Africa,0
19.5,40.5,Albania,8,Europe,10
19.5,41.5,Albania,8,Europe,10
19.5,42.5,Montenegro,499,Europe,6
19.5,43.5,Serbia,688,Europe,0
19.5,44.5,Serbia,688,Europe,3
19.5,45.5,Serbia,688,Europe,3
19.5,46.5,Hungary,348,Europe,3
19.5,47.5,Hungary,348,Europe,2
19.5,48.5,Slovakia,703,Europe,0
19.5,49.5,Slovakia,703,Europe,0
19.5,50.5,Poland,616,Europe,0
19.5,51.5,Poland,616,Europe,0
19.5,52.5,Poland,616,Europe,0
19.5,53.5,Poland,616,Europe,0
19.5,63.5,Sweden,752,Europe,0
19.5,64.5,Sweden,752,Europe,0
19.5,65.5,Sweden,752,Europe,0
20.5,-33.5,South Africa,710,Africa,7
20.5,-32.5,South Africa,710,Africa,0
20.5,-31.5,South Africa,710,Africa,0
20.5,-30.5,South Africa,710,Africa,0
20.5,-28.5,South Africa,710,Africa,7
20.5,-21.5,Namibia,516,Africa,0
20.5,-18.5,Namibia,516,Africa,0
20.5,-17.5,Angola,24,Africa,0
20.5,-13.5,Angola,24,Africa,0
20.5,-11.5,Angola,24,Africa,0
20.5,-10.5,Angola,24,Africa,0
20.5,-9.5,Angola,24,Africa,0
20.5,-8.5,Angola,24,Africa,0
20.5,-7.5,Angola,24,Africa,0
20.5,-5.5,Congo - Kinshasa,180,Africa,0
20.5,-4.5,Congo - Kinshasa,180,Africa,0
20.5,10.5,Chad,148,Africa,0
20.5,11.5,Chad,148,Africa,0
20.5,12.5,Chad,148,Africa,0
20.5,13.5,Chad,148,Africa,0
20.5,14.5,Chad,148,Africa,0
20.5,31.5,Libya,434,Africa,4
20.5,32.5,Libya,434,Africa,9
20.5,39.5,Greece,300,Europe,10
20.5,40.5,Albania,8,Europe,10
20.5,41.5,North Macedonia,807,Europe,9
20.5,43.5,Serbia,688,Europe,0
20.5,44.5,Serbia,688,Europe,3
20.5,45.5,Serbia,688,Europe,5
20.5,46.5,Hungary,348,Europe,9
20.5,47.5,Hungary,348,Europe,8
20.5,48.5,Hungary,348,Europe,0
20.5,49.5,Poland,616,Europe,0
20.5,50.5,Poland,616,Europe,0
20.5,51.5,Poland,616,Europe,0
20.5,52.5,Poland,616,Europe,1
20.5,53.5,Poland,616,Europe,0
20.5,54.5,Russia,643,Europe,0
20.5,64.5,Sweden,752,Europe,0
20.5,65.5,Sweden,752,Europe,0
20.5,66.5,Sweden,752,Europe,0
21.5,-33.5,South Africa,710,Africa,8
21.5,-32.5,South Africa,710,Africa,0
21.5,-31.5,South Africa,710,Africa,0
21.5,-30.5,South Africa,710,Africa,0
21.5,-29.5,South Africa,710,Africa,0
21.5,-28.5,South Africa,710,Africa,9
21.5,-21.5,Botswana,72,Africa,0
21.5,-18.5,Botswana,72,Africa,0
21.5,-17.5,Angola,24,Africa,0
21.5,-12.5,Angola,24,Africa,0
21.5,-11.5,Angola,24,Africa,0
21.5,-10.5,Angola,24,Africa,0
21.5,-9.5,Angola,24,Africa,0
21.5,-8.5,Angola,24,Africa,0
21.5,-7.5,Angola,24,Africa,0
21.5,-4.5,Congo - Kinshasa,180,Africa,0
21.5,-3.5,Congo - Kinshasa,180,Africa,0
21.5,3.5,Congo - Kinshasa,180,Africa,0
21.5,4.5,Central African Republic,140,Africa,0
21.5,11.5,Chad,148,Africa,0
21.5,12.5,Chad,148,Africa,0
21.5,13.5,Chad,148,Africa,0
21.5,14.5,Chad,148,Africa,0
21.5,15.5,Chad,148,Africa,0
21.5,17.5,Chad,148,Africa,0
21.5,25.5,Libya,434,Africa,0
21.5,26.5,Libya,434,Africa,0
21.5,27.5,Libya,434,Africa,6
21.5,28.5,Libya,434,Africa,0
21.5,29.5,Libya,434,Africa,0
21.5,32.5,Libya,434,Africa,4
21.5,38.5,Greece,300,Europe,10
21.5,39.5,Greece,300,Europe,10
21.5,40.5,Greece,300,Europe,10
21.5,41.5,North Macedonia,807,Europe,9
21.5,43.5,Serbia,688,Europe,1
21.5,44.5,Serbia,688,Europe,2
21.5,45.5,Romania,642,Europe,4
21.5,46.5,Romania,642,Europe,8
21.5,47.5,Hungary,348,Europe,8
21.5,48.5,Hungary,348,Europe,2
21.5,49.5,Poland,616,Europe,0
21.5,50.5,Poland,616,Europe,0
21.5,51.5,Poland,616,Europe,0
21.5,52.5,Poland,616,Europe,0
21.5,53.5,Poland,616,Europe,3
21.5,54.5,Russia,643,Europe,0
21.5,55.5,Lithuania,440,Europe,0
21.5,56.5,Latvia,428,Europe,0
21.5,62.5,Finland,246,Europe,0
21.5,65.5,Sweden,752,Europe,0
21.5,66.5,Sweden,752,Europe,0
22.5,-33.5,South Africa,710,Africa,8
22.5,-32.5,South Africa,710,Africa,0
22.5,-31.5,South Africa,710,Africa,0
22.5,-30.5,South Africa,710,Africa,0
22.5,-29.5,South Africa,710,Africa,0
22.5,-28.5,South Africa,710,Africa,0
22.5,-27.5,South Africa,710,Africa,0
22.5,-20.5,Botswana,72,Africa,0
22.5,-19.5,Botswana,72,Africa,0
22.5,-18.5,Botswana,72,Africa,0
22.5,-13.5,Zambia,894,Africa,0
22.5,-12.5,Angola,24,Africa,0
22.5,-11.5,Angola,24,Africa,0
22.5,-10.5,Congo - Kinshasa,180,Africa,0
22.5,-9.5,Congo - Kinshasa,180,Africa,0
22.5,-4.5,Congo - Kinshasa,180,Africa,0
22.5,2.5,Congo - Kinshasa,180,Africa,0
22.5,3.5,Congo - Kinshasa,180,Africa,0
22.5,12.5,Sudan,729,Africa,0
22.5,14.5,Sudan,729,Africa,0
22.5,15.5,Chad,148,Africa,0
22.5,16.5,Chad,148,Africa,0
22.5,26.5,Libya,434,Africa,0
22.5,27.5,Libya,434,Africa,0
22.5,32.5,Libya,434,Africa,1
22.5,37.5,Greece,300,Europe,10
22.5,38.5,Greece,300,Europe,10
22.5,39.5,Greece,300,Europe,10
22.5,40.5,Greece,300,Europe,10
22.5,41.5,North Macedonia,807,Europe,10
22.5,42.5,Serbia,688,Europe,3
22.5,43.5,Serbia,688,Europe,4
22.5,44.5,Serbia,688,Europe,6
22.5,45.5,Romania,642,Europe,0
22.5,46.5,Romania,642,Europe,0
22.5,47.5,Romania,642,Europe,1
22.5,48.5,Ukraine,804,Europe,5
22.5,49.5,Poland,616,Europe,0
22.5,50.5,Poland,616,Europe,0
22.5,51.5,Poland,616,Europe,0
22.5,52.5,Poland,616,Europe,0
22.5,53.5,Poland,616,Europe,0
22.5,54.5,Russia,643,Europe,0
22.5,55.5,Lithuania,440,Europe,0
22.5,56.5,Latvia,428,Europe,0
22.5,57.5,Latvia,428,Europe,0
22.5,58.5,Estonia,233,Europe,0
22.5,60.5,Finland,246,Europe,2
22.5,61.5,Finland,246,Europe,0
22.5,62.5,Finland,246,Europe,0
22.5,63.5,Finland,246,Europe,0
22.5,66.5,Sweden,752,Europe,0
22.5,67.5,Sweden,752,Europe,0
23.5,-33.5,South Africa,710,Africa,7
23.5,-32.5,South Africa,710,Africa,0
23.5,-31.5,South Africa,710,Africa,0
23.5,-30.5,South Africa,710,Africa,0
23.5,-29.5,South Africa,710,Africa,10
23.5,-28.5,South Africa,710,Africa,0
23.5,-27.5,South Africa,710,Africa,0
23.5,-26.5,South Africa,710,Africa,0
23.5,-25.5,South Africa,710,Africa,0
23.5,-23.5,Botswana,72,Africa,0
23.5,-20.5,Botswana,72,Africa,0
23.5,-19.5,Botswana,72,Africa,0
23.5,-17.5,Zambia,894,Africa,0
23.5,-16.5,Zambia,894,Africa,0
23.5,-13.5,Zambia,894,Africa,0
23.5,-12.5,Angola,24,Africa,0
23.5,-9.5,Congo - Kinshasa,180,Africa,0
23.5,-8.5,Congo - Kinshasa,180,Africa,0
23.5,9.5,Central African Republic,140,Africa,0
23.5,12.5,Sudan,729,Africa,0
23.5,13.5,Sudan,729,Africa,0
23.5,14.5,Sudan,729,Africa,0
23.5,15.5,Sudan,729,Africa,0
23.5,24.5,Libya,434,Africa,1
23.5,31.5,Libya,434,Africa,0
23.5,38.5,Greece,300,Europe,10
23.5,40.5,Greece,300,Europe,10
23.5,41.5,Bulgaria,100,Europe,10
23.5,42.5,Bulgaria,100,Europe,5
23.5,43.5,Bulgaria,100,Europe,8
23.5,44.5,Romania,642,Europe,8
23.5,45.5,Romania,642,Europe,0
23.5,46.5,Romania,642,Europe,2
23.5,47.5,Romania,642,Europe,0
23.5,48.5,Ukraine,804,Europe,0
23.5,49.5,Ukraine,804,Europe,0
23.5,50.5,Poland,616,Europe,0
23.5,51.5,Poland,616,Europe,0
23.5,52.5,Belarus,112,Europe,0
23.5,53.5,Poland,616,Europe,0
23.5,54.5,Lithuania,440,Europe,1
23.5,55.5,Lithuania,440,Europe,0
23.5,56.5,Latvia,428,Europe,0
23.5,60.5,Finland,246,Europe,2
23.5,61.5,Finland,246,Europe,0
23.5,62.5,Finland,246,Europe,0
23.5,63.5,Finland,246,Europe,0
23.5,66.5,Sweden,752,Europe,0
23.5,67.5,Finland,246,Europe,0
24.5,-33.5,South Africa,710,Africa,5
24.5,-32.5,South Africa,710,Africa,7
24.5,-31.5,South Africa,710,Africa,0
24.5,-30.5,South Africa,710,Africa,0
24.5,-29.5,South Africa,710,Africa,10
24.5,-28.5,South Africa,710,Africa,8
24.5,-27.5,South Africa,710,Africa,9
24.5,-26.5,South Africa,710,Africa,1
24.5,-25.5,Botswana,72,Africa,0
24.5,-23.5,Botswana,72,Africa,0
24.5,-17.5,Namibia,516,Africa,0
24.5,-16.5,Zambia,894,Africa,0
24.5,-13.5,Zambia,894,Africa,0
24.5,-3.5,Congo - Kinshasa,180,Africa,0
24.5,12.5,Sudan,729,Africa,0
24.5,13.5,Sudan,729,Africa,0
24.5,14.5,Sudan,729,Africa,0
24.5,29.5,Libya,434,Africa,0
24.5,31.5,Libya,434,Africa,0
24.5,41.5,Greece,300,Europe,10
24.5,42.5,Bulgaria,100,Europe,8
24.5,43.5,Bulgaria,100,Europe,10
24.5,44.5,Romania,642,Europe,7
24.5,45.5,Romania,642,Europe,0
24.5,46.5,Romania,642,Europe,0
24.5,47.5,Romania,642,Europe,0
24.5,48.5,Ukraine,804,Europe,0
24.5,49.5,Ukraine,804,Europe,0
24.5,50.5,Ukraine,804,Europe,0
24.5,51.5,Ukraine,804,Europe,0
24.5,52.5,Belarus,112,Europe,1
24.5,53.5,Belarus,112,Europe,0
24.5,54.5,Lithuania,440,Europe,0
24.5,55.5,Lithuania,440,Europe,0
24.5,56.5,Latvia,428,Europe,0
24.5,57.5,Latvia,428,Europe,0
24.5,58.5,Estonia,233,Europe,0
24.5,60.5,Finland,246,Europe,0
24.5,61.5,Finland,246,Europe,0
24.5,62.5,Finland,246,Europe,0
24.5,63.5,Finland,246,Europe,0
24.5,64.5,Finland,246,Europe,0
24.5,66.5,Finland,246,Europe,0
25.5,-33.5,South Africa,710,Africa,9
25.5,-32.5,South Africa,710,Africa,9
25.5,-31.5,South Africa,710,Africa,5
25.5,-30.5,South Africa,710,Africa,0
25.5,-29.5,South Africa,710,Africa,2
25.5,-28.5,South Africa,710,Africa,2
25.5,-27.5,South Africa,710,Africa,0
25.5,-26.5,South Africa,710,Africa,1
25.5,-25.5,Botswana,72,Africa,0
25.5,-24.5,Botswana,72,Africa,0
25.5,-18.5,Botswana,72,Africa,0
25.5,-17.5,Zambia,894,Africa,0
25.5,-15.5,Zambia,894,Africa,0
25.5,-14.5,Zambia,894,Africa,0
25.5,-13.5,Zambia,894,Africa,0
25.5,-4.5,Congo - Kinshasa,180,Africa,0
25.5,-3.5,Congo - Kinshasa,180,Africa,0
25.5,-2.5,Congo - Kinshasa,180,Africa,0
25.5,5.5,Central African Republic,140,Africa,0
25.5,11.5,Sudan,729,Africa,0
25.5,12.5,Sudan,729,Africa,0
25.5,29.5,Egypt,818,Africa,0
25.5,31.5,Egypt,818,Africa,7
25.5,41.5,Bulgaria,100,Europe,10
25.5,42.5,Bulgaria,100,Europe,6
25.5,43.5,Bulgaria,100,Europe,10
25.5,44.5,Romania,642,Europe,8
25.5,45.5,Romania,642,Europe,0
25.5,47.5,Romania,642,Europe,0
25.5,48.5,Ukraine,804,Europe,0
25.5,49.5,Ukraine,804,Europe,0
25.5,50.5,Ukraine,804,Europe,0
25.5,51.5,Ukraine,804,Europe,0
25.5,52.5,Belarus,112,Europe,0
25.5,53.5,Belarus,112,Europe,0
25.5,54.5,Lithuania,440,Europe,0
25.5,55.5,Lithuania,440,Europe,0
25.5,56.5,Latvia,428,Europe,0
25.5,57.5,Latvia,428,Europe,0
25.5,58.5,Estonia,233,Europe,0
25.5,59.5,Estonia,233,Europe,0
25.5,60.5,Finland,246,Europe,1
25.5,61.5,Finland,246,Europe,0
25.5,62.5,Finland,246,Europe,0
25.5,63.5,Finland,246,Europe,0
25.5,64.5,Finland,246,Europe,0
25.5,65.5,Finland,246,Europe,0
25.5,66.5,Finland,246,Europe,0
26.5,-33.5,South Africa,710,Africa,1
26.5,-32.5,South Africa,710,Africa,6
26.5,-31.5,South Africa,710,Africa,1
26.5,-30.5,South Africa,710,Africa,5
26.5,-29.5,South Africa,710,Africa,0
26.5,-28.5,South Africa,710,Africa,2
26.5,-27.5,South Africa,710,Africa,1
26.5,-26.5,South Africa,710,Africa,2
26.5,-25.5,South Africa,710,Africa,6
26.5,-24.5,Botswana,72,Africa,0
26.5,-23.5,Botswana,72,Africa,0
26.5,-22.5,Botswana,72,Africa,0
26.5,-21.5,Botswana,72,Africa,0
26.5,-19.5,Zimbabwe,716,Africa,0
26.5,-18.5,Zimbabwe,716,Africa,0
26.5,-17.5,Zambia,894,Africa,0
26.5,-16.5,Zambia,894,Africa,0
26.5,-15.5,Zambia,894,Africa,0
26.5,-14.5,Zambia,894,Africa,0
26.5,-13.5,Zambia,894,Africa,0
26.5,-12.5,Zambia,894,Africa,0
26.5,-10.5,Congo - Kinshasa,180,Africa,0
26.5,-9.5,Congo - Kinshasa,180,Africa,0
26.5,-8.5,Congo - Kinshasa,180,Africa,0
26.5,-4.5,Congo - Kinshasa,180,Africa,0
26.5,15.5,Sudan,729,Africa,0
26.5,29.5,Egypt,818,Africa,0
26.5,31.5,Egypt,818,Africa,7
26.5,38.5,Turkey,792,Asia,7
26.5,41.5,Greece,300,Europe,10
26.5,42.5,Bulgaria,100,Europe,5
26.5,43.5,Bulgaria,100,Europe,6
26.5,44.5,Romania,642,Europe,9
26.5,45.5,Romania,642,Europe,4
26.5,46.5,Romania,642,Europe,4
26.5,47.5,Romania,642,Europe,3
26.5,48.5,Ukraine,804,Europe,2
26.5,49.5,Ukraine,804,Europe,0
26.5,50.5,Ukraine,804,Europe,0
26.5,51.5,Ukraine,804,Europe,0
26.5,52.5,Belarus,112,Europe,0
26.5,53.5,Belarus,112,Europe,0
26.5,54.5,Belarus,112,Europe,0
26.5,55.5,Lithuania,440,Europe,0
26.5,56.5,Latvia,428,Europe,0
26.5,57.5,Latvia,428,Europe,0
26.5,58.5,Estonia,233,Europe,0
26.5,59.5,Estonia,233,Europe,0
26.5,61.5,Finland,246,Europe,0
26.5,62.5,Finland,246,Europe,0
26.5,63.5,Finland,246,Europe,0
26.5,64.5,Finland,246,Europe,0
26.5,65.5,Finland,246,Europe,0
26.5,66.5,Finland,246,Europe,0
27.5,-32.5,South Africa,710,Africa,1
27.5,-31.5,South Africa,710,Africa,5
27.5,-30.5,South Africa,710,Africa,0
27.5,-29.5,Lesotho,426,Africa,0
27.5,-28.5,South Africa,710,Africa,0
27.5,-27.5,South Africa,710,Africa,1
27.5,-26.5,South Africa,710,Africa,2
27.5,-25.5,South Africa,710,Africa,9
27.5,-24.5,South Africa,710,Africa,7
27.5,-23.5,South Africa,710,Africa,0
27.5,-22.5,Botswana,72,Africa,0
27.5,-21.5,Botswana,72,Africa,0
27.5,-18.5,Zimbabwe,716,Africa,0
27.5,-17.5,Zimbabwe,716,Africa,1
27.5,-16.5,Zambia,894,Africa,2
27.5,-15.5,Zambia,894,Africa,4
27.5,-14.5,Zambia,894,Africa,0
27.5,-13.5,Zambia,894,Africa,3
27.5,-12.5,Zambia,894,Africa,0
27.5,-10.5,Congo - Kinshasa,180,Africa,0
27.5,-9.5,Congo - Kinshasa,180,Africa,0
27.5,26.5,Egypt,818,Africa,2
27.5,27.5,Egypt,818,Africa,0
27.5,30.5,Egypt,818,Africa,0
27.5,37.5,Turkey,792,Asia,10
27.5,38.5,Turkey,792,Asia,10
27.5,39.5,Turkey,792,Asia,10
27.5,41.5,Turkey,792,Asia,9
27.5,42.5,Bulgaria,100,Europe,4
27.5,43.5,Bulgaria,100,Europe,5
27.5,44.5,Romania,642,Europe,10
27.5,45.5,Romania,642,Europe,10
27.5,46.5,Romania,642,Europe,6
27.5,47.5,Moldova,498,Europe,9
27.5,48.5,Ukraine,804,Europe,8
27.5,49.5,Ukraine,804,Europe,0
27.5,50.5,Ukraine,804,Europe,0
27.5,51.5,Ukraine,804,Europe,0
27.5,52.5,Belarus,112,Europe,0
27.5,53.5,Belarus,112,Europe,0
27.5,54.5,Belarus,112,Europe,0
27.5,55.5,Belarus,112,Europe,0
27.5,56.5,Latvia,428,Europe,0
27.5,57.5,Latvia,428,Europe,0
27.5,58.5,Estonia,233,Europe,0
27.5,60.5,Finland,246,Europe,0
27.5,61.5,Finland,246,Europe,0
27.5,62.5,Finland,246,Europe,0
27.5,63.5,Finland,246,Europe,0
27.5,64.5,Finland,246,Europe,0
27.5,65.5,Finland,246,Europe,0
27.5,66.5,Finland,246,Europe,0
28.5,-32.5,South Africa,710,Africa,0
28.5,-31.5,South Africa,710,Africa,0
28.5,-30.5,South Africa,710,Africa,0
28.5,-29.5,Lesotho,426,Africa,0
28.5,-28.5,South Africa,710,Africa,0
28.5,-27.5,South Africa,710,Africa,1
28.5,-26.5,South Africa,710,Africa,2
28.5,-25.5,South Africa,710,Africa,4
28.5,-24.5,South Africa,710,Africa,8
28.5,-23.5,South Africa,710,Africa,1
28.5,-22.5,Botswana,72,Africa,0
28.5,-21.5,Zimbabwe,716,Africa,0
28.5,-20.5,Zimbabwe,716,Africa,0
28.5,-19.5,Zimbabwe,716,Africa,0
28.5,-18.5,Zimbabwe,716,Africa,0
28.5,-17.5,Zimbabwe,716,Africa,0
28.5,-16.5,Zambia,894,Africa,0
28.5,-15.5,Zambia,894,Africa,5
28.5,-14.5,Zambia,894,Africa,0
28.5,-13.5,Zambia,894,Africa,1
28.5,-12.5,Congo - Kinshasa,180,Africa,0
28.5,-11.5,Zambia,894,Africa,0
28.5,-10.5,Congo - Kinshasa,180,Africa,0
28.5,-9.5,Congo - Kinshasa,180,Africa,0
28.5,-7.5,Congo - Kinshasa,180,Africa,0
28.5,-6.5,Congo - Kinshasa,180,Africa,0
28.5,-5.5,Congo - Kinshasa,180,Africa,0
28.5,-4.5,Congo - Kinshasa,180,Africa,0
28.5,-3.5,Congo - Kinshasa,180,Africa,0
28.5,-2.5,Congo - Kinshasa,180,Africa,1
28.5,-1.5,Congo - Kinshasa,180,Africa,0
28.5,11.5,Sudan,729,Africa,0
28.5,22.5,Egypt,818,Africa,0
28.5,25.5,Egypt,818,Africa,2
28.5,26.5,Egypt,818,Africa,0
28.5,27.5,Egypt,818,Africa,0
28.5,28.5,Egypt,818,Africa,3
28.5,30.5,Egypt,818,Africa,3
28.5,37.5,Turkey,792,Asia,10
28.5,38.5,Turkey,792,Asia,10
28.5,39.5,Turkey,792,Asia,8
28.5,43.5,Bulgaria,100,Europe,6
28.5,44.5,Romania,642,Europe,8
28.5,45.5,Ukraine,804,Europe,10
28.5,46.5,Moldova,498,Europe,8
28.5,47.5,Moldova,498,Europe,6
28.5,48.5,Ukraine,804,Europe,7
28.5,49.5,Ukraine,804,Europe,1
28.5,50.5,Ukraine,804,Europe,0
28.5,51.5,Ukraine,804,Europe,0
28.5,52.5,Belarus,112,Europe,1
28.5,53.5,Belarus,112,Europe,0
28.5,54.5,Belarus,112,Europe,0
28.5,55.5,Belarus,112,Europe,0
28.5,56.5,Russia,643,Europe,0
28.5,57.5,Russia,643,Europe,0
28.5,58.5,Russia,643,Europe,0
28.5,59.5,Russia,643,Europe,0
28.5,61.5,Finland,246,Europe,0
28.5,62.5,Finland,246,Europe,0
28.5,63.5,Finland,246,Europe,0
28.5,64.5,Finland,246,Europe,0
29.5,-31.5,South Africa,710,Africa,0
29.5,-30.5,South Africa,710,Africa,7
29.5,-29.5,South Africa,710,Africa,9
29.5,-28.5,South Africa,710,Africa,9
29.5,-27.5,South Africa,710,Africa,1
29.5,-26.5,South Africa,710,Africa,2
29.5,-25.5,South Africa,710,Africa,10
29.5,-24.5,South Africa,710,Africa,8
29.5,-23.5,South Africa,710,Africa,8
29.5,-22.5,South Africa,710,Africa,5
29.5,-21.5,Zimbabwe,716,Africa,0
29.5,-20.5,Zimbabwe,716,Africa,0
29.5,-19.5,Zimbabwe,716,Africa,0
29.5,-18.5,Zimbabwe,716,Africa,2
29.5,-17.5,Zimbabwe,716,Africa,0
29.5,-16.5,Zimbabwe,716,Africa,0
29.5,-15.5,Zambia,894,Africa,0
29.5,-14.5,Zambia,894,Africa,0
29.5,-13.5,Zambia,894,Africa,5
29.5,-12.5,Congo - Kinshasa,180,Africa,0
29.5,-11.5,Zambia,894,Africa,0
29.5,-10.5,Zambia,894,Africa,0
29.5,-9.5,Zambia,894,Africa,0
29.5,-8.5,Zambia,894,Africa,0
29.5,-7.5,Congo - Kinshasa,180,Africa,0
29.5,-6.5,Congo - Kinshasa,180,Africa,0
29.5,-5.5,Congo - Kinshasa,180,Africa,0
29.5,-4.5,Tanzania,834,Africa,0
29.5,-3.5,Burundi,108,Africa,5
29.5,-2.5,Rwanda,646,Africa,5
29.5,-1.5,Rwanda,646,Africa,1
29.5,-0.5,Congo - Kinshasa,180,Africa,0
29.5,0.5,Congo - Kinshasa,180,Africa,0
29.5,1.5,Congo - Kinshasa,180,Africa,0
29.5,12.5,Sudan,729,Africa,0
29.5,25.5,Egypt,818,Africa,1
29.5,28.5,Egypt,818,Africa,0
29.5,30.5,Egypt,818,Africa,10
29.5,36.5,Turkey,792,Asia,10
29.5,37.5,Turkey,792,Asia,10
29.5,38.5,Turkey,792,Asia,8
29.5,39.5,Turkey,792,Asia,4
29.5,40.5,Turkey,792,Asia,10
29.5,45.5,Ukraine,804,Europe,10
29.5,46.5,Moldova,498,Europe,9
29.5,47.5,Ukraine,804,Europe,8
29.5,48.5,Ukraine,804,Europe,1
29.5,49.5,Ukraine,804,Europe,1
29.5,50.5,Ukraine,804,Europe,5
29.5,51.5,Belarus,112,Europe,2
29.5,52.5,Belarus,112,Europe,0
29.5,53.5,Belarus,112,Europe,0
29.5,54.5,Belarus,112,Europe,0
29.5,55.5,Belarus,112,Europe,0
29.5,56.5,Russia,643,Europe,0
29.5,57.5,Russia,643,Europe,0
29.5,58.5,Russia,643,Europe,0
29.5,59.5,Russia,643,Europe,0
29.5,60.5,Russia,643,Europe,0
29.5,61.5,Finland,246,Europe,0
29.5,62.5,Finland,246,Europe,0
29.5,63.5,Finland,246,Europe,0
29.5,65.5,Finland,246,Europe,0
29.5,66.5,Russia,643,Europe,0
30.5,-30.5,South Africa,710,Africa,1
30.5,-29.5,South Africa,710,Africa,1
30.5,-28.5,South Africa,710,Africa,1
30.5,-27.5,South Africa,710,Africa,0
30.5,-26.5,South Africa,710,Africa,1
30.5,-25.5,South Africa,710,Africa,9
30.5,-24.5,South Africa,710,Africa,10
30.5,-23.5,South Africa,710,Africa,8
30.5,-22.5,South Africa,710,Africa,0
30.5,-21.5,Zimbabwe,716,Africa,0
30.5,-20.5,Zimbabwe,716,Africa,0
30.5,-19.5,Zimbabwe,716,Africa,0
30.5,-18.5,Zimbabwe,716,Africa,3
30.5,-17.5,Zimbabwe,716,Africa,8
30.5,-16.5,Zimbabwe,716,Africa,1
30.5,-15.5,Mozambique,508,Africa,0
30.5,-14.5,Zambia,894,Africa,0
30.5,-13.5,Zambia,894,Africa,0
30.5,-12.5,Zambia,894,Africa,0
30.5,-10.5,Zambia,894,Africa,0
30.5,-9.5,Zambia,894,Africa,0
30.5,-7.5,Tanzania,834,Africa,0
30.5,-6.5,Tanzania,834,Africa,0
30.5,-5.5,Tanzania,834,Africa,0
30.5,-4.5,Tanzania,834,Africa,0
30.5,-3.5,Burundi,108,Africa,0
30.5,-2.5,Tanzania,834,Africa,1
30.5,-1.5,Rwanda,646,Africa,1
30.5,0.5,Uganda,800,Africa,0
30.5,1.5,Congo - Kinshasa,180,Africa,1
30.5,2.5,Congo - Kinshasa,180,Africa,0
30.5,11.5,Sudan,729,Africa,0
30.5,12.5,Sudan,729,Africa,0
30.5,13.5,Sudan,729,Africa,0
30.5,18.5,Sudan,729,Africa,6
30.5,19.5,Sudan,729,Africa,7
30.5,20.5,Sudan,729,Africa,0
30.5,23.5,Egypt,818,Africa,0
30.5,24.5,Egypt,818,Africa,0
30.5,25.5,Egypt,818,Africa,2
30.5,27.5,Egypt,818,Africa,10
30.5,28.5,Egypt,818,Africa,10
30.5,29.5,Egypt,818,Africa,10
30.5,30.5,Egypt,818,Africa,10
30.5,36.5,Turkey,792,Asia,10
30.5,37.5,Turkey,792,Asia,9
30.5,38.5,Turkey,792,Asia,8
30.5,39.5,Turkey,792,Asia,9
30.5,40.5,Turkey,792,Asia,10
30.5,46.5,Ukraine,804,Europe,9
30.5,47.5,Ukraine,804,Europe,2
30.5,48.5,Ukraine,804,Europe,1
30.5,49.5,Ukraine,804,Europe,1
30.5,50.5,Ukraine,804,Europe,5
30.5,51.5,Belarus,112,Europe,0
30.5,52.5,Belarus,112,Europe,1
30.5,53.5,Belarus,112,Europe,0
30.5,54.5,Belarus,112,Europe,0
30.5,55.5,Belarus,112,Europe,0
30.5,56.5,Russia,643,Europe,0
30.5,57.5,Russia,643,Europe,0
30.5,58.5,Russia,643,Europe,0
30.5,59.5,Russia,643,Europe,1
30.5,60.5,Russia,643,Europe,0
30.5,61.5,Russia,643,Europe,0
30.5,62.5,Finland,246,Europe,0
30.5,63.5,Russia,643,Europe,0
31.5,-28.5,South Africa,710,Africa,0
31.5,-27.5,South Africa,710,Africa,3
31.5,-26.5,Eswatini,748,Africa,9
31.5,-25.5,South Africa,710,Africa,8
31.5,-24.5,South Africa,710,Africa,0
31.5,-23.5,South Africa,710,Africa,0
31.5,-22.5,Mozambique,508,Africa,0
31.5,-21.5,Zimbabwe,716,Africa,8
31.5,-20.5,Zimbabwe,716,Africa,3
31.5,-18.5,Zimbabwe,716,Africa,0
31.5,-17.5,Zimbabwe,716,Africa,6
31.5,-16.5,Zimbabwe,716,Africa,0
31.5,-15.5,Mozambique,508,Africa,0
31.5,-14.5,Zambia,894,Africa,2
31.5,-13.5,Zambia,894,Africa,0
31.5,-12.5,Zambia,894,Africa,0
31.5,-10.5,Zambia,894,Africa,0
31.5,-9.5,Zambia,894,Africa,0
31.5,-8.5,Tanzania,834,Africa,0
31.5,-7.5,Tanzania,834,Africa,0
31.5,-6.5,Tanzania,834,Africa,0
31.5,-5.5,Tanzania,834,Africa,0
31.5,-4.5,Tanzania,834,Africa,0
31.5,-3.5,Tanzania,834,Africa,0
31.5,-2.5,Tanzania,834,Africa,0
31.5,-1.5,Tanzania,834,Africa,0
31.5,-0.5,Uganda,800,Africa,0
31.5,0.5,Uganda,800,Africa,0
31.5,1.5,Uganda,800,Africa,0
31.5,2.5,Uganda,800,Africa,0
31.5,11.5,Sudan,729,Africa,0
31.5,12.5,Sudan,729,Africa,0
31.5,14.5,Sudan,729,Africa,0
31.5,17.5,Sudan,729,Africa,1
31.5,18.5,Sudan,729,Africa,5
31.5,22.5,Egypt,818,Africa,0
31.5,23.5,Egypt,818,Africa,0
31.5,26.5,Egypt,818,Africa,10
31.5,27.5,Egypt,818,Africa,10
31.5,28.5,Egypt,818,Africa,0
31.5,29.5,Egypt,818,Africa,10
31.5,30.5,Egypt,818,Africa,10
31.5,37.5,Turkey,792,Asia,9
31.5,38.5,Turkey,792,Asia,8
31.5,39.5,Turkey,792,Asia,9
31.5,40.5,Turkey,792,Asia,7
31.5,47.5,Ukraine,804,Europe,9
31.5,48.5,Ukraine,804,Europe,2
31.5,49.5,Ukraine,804,Europe,3
31.5,50.5,Ukraine,804,Europe,3
31.5,51.5,Ukraine,804,Europe,1
31.5,52.5,Belarus,112,Europe,1
31.5,53.5,Belarus,112,Europe,0
31.5,54.5,Russia,643,Europe,0
31.5,55.5,Russia,643,Europe,0
31.5,56.5,Russia,643,Europe,0
31.5,57.5,Russia,643,Europe,0
31.5,58.5,Russia,643,Europe,0
31.5,59.5,Russia,643,Europe,0
31.5,60.5,Russia,643,Europe,0
31.5,62.5,Russia,643,Europe,0
32.5,-27.5,South Africa,710,Africa,1
32.5,-26.5,Mozambique,508,Africa,1
32.5,-25.5,Mozambique,508,Africa,5
32.5,-24.5,Mozambique,508,Africa,0
32.5,-23.5,Mozambique,508,Africa,0
32.5,-22.5,Mozambique,508,Africa,0
32.5,-21.5,Mozambique,508,Africa,0
32.5,-20.5,Zimbabwe,716,Africa,8
32.5,-19.5,Zimbabwe,716,Africa,0
32.5,-18.5,Zimbabwe,716,Africa,1
32.5,-17.5,Zimbabwe,716,Africa,0
32.5,-16.5,Mozambique,508,Africa,0
32.5,-15.5,Mozambique,508,Africa,0
32.5,-14.5,Mozambique,508,Africa,0
32.5,-13.5,Zambia,894,Africa,0
32.5,-12.5,Zambia,894,Africa,1
32.5,-11.5,Zambia,894,Africa,1
32.5,-10.5,Zambia,894,Africa,0
32.5,-9.5,Zambia,894,Africa,0
32.5,-8.5,Tanzania,834,Africa,0
32.5,-7.5,Tanzania,834,Africa,0
32.5,-4.5,Tanzania,834,Africa,0
32.5,-3.5,Tanzania,834,Africa,0
32.5,-2.5,Tanzania,834,Africa,0
32.5,-0.5,Uganda,800,Africa,0
32.5,0.5,Uganda,800,Africa,0
32.5,1.5,Uganda,800,Africa,0
32.5,2.5,Uganda,800,Africa,0
32.5,3.5,Uganda,800,Africa,0
32.5,12.5,Sudan,729,Africa,6
32.5,13.5,Sudan,729,Africa,10
32.5,14.5,Sudan,729,Africa,10
32.5,15.5,Sudan,729,Africa,10
32.5,16.5,Sudan,729,Africa,2
32.5,18.5,Sudan,729,Africa,0
32.5,19.5,Sudan,729,Africa,0
32.5,23.5,Egypt,818,Africa,0
32.5,24.5,Egypt,818,Africa,10
32.5,25.5,Egypt,818,Africa,10
32.5,26.5,Egypt,818,Africa,10
32.5,30.5,Egypt,818,Africa,10
32.5,36.5,Turkey,792,Asia,3
32.5,37.5,Turkey,792,Asia,9
32.5,38.5,Turkey,792,Asia,9
32.5,39.5,Turkey,792,Asia,8
32.5,40.5,Turkey,792,Asia,3
32.5,41.5,Turkey,792,Asia,1
32.5,46.5,Ukraine,804,Europe,10
32.5,47.5,Ukraine,804,Europe,9
32.5,48.5,Ukraine,804,Europe,4
32.5,49.5,Ukraine,804,Europe,7
32.5,50.5,Ukraine,804,Europe,2
32.5,51.5,Ukraine,804,Europe,0
32.5,52.5,Russia,643,Europe,1
32.5,53.5,Belarus,112,Europe,0
32.5,54.5,Russia,643,Europe,0
32.5,55.5,Russia,643,Europe,0
32.5,56.5,Russia,643,Europe,0
32.5,57.5,Russia,643,Europe,0
32.5,58.5,Russia,643,Europe,0
32.5,59.5,Russia,643,Europe,0
32.5,60.5,Russia,643,Europe,0
32.5,61.5,Russia,643,Europe,0
33.5,-24.5,Mozambique,508,Africa,6
33.5,-23.5,Mozambique,508,Africa,0
33.5,-22.5,Mozambique,508,Africa,0
33.5,-21.5,Mozambique,508,Africa,0
33.5,-20.5,Mozambique,508,Africa,0
33.5,-19.5,Mozambique,508,Africa,0
33.5,-18.5,Mozambique,508,Africa,0
33.5,-17.5,Mozambique,508,Africa,0
33.5,-16.5,Mozambique,508,Africa,0
33.5,-15.5,Mozambique,508,Africa,0
33.5,-14.5,Mozambique,508,Africa,0
33.5,-13.5,Malawi,454,Africa,0
33.5,-12.5,Malawi,454,Africa,0
33.5,-11.5,Malawi,454,Africa,0
33.5,-10.5,Zambia,894,Africa,0
33.5,-9.5,Tanzania,834,Africa,4
33.5,-8.5,Tanzania,834,Africa,0
33.5,-7.5,Tanzania,834,Africa,0
33.5,-4.5,Tanzania,834,Africa,0
33.5,-3.5,Tanzania,834,Africa,1
33.5,-2.5,Tanzania,834,Africa,0
33.5,-1.5,Tanzania,834,Africa,0
33.5,0.5,Uganda,800,Africa,1
33.5,1.5,Uganda,800,Africa,0
33.5,2.5,Uganda,800,Africa,0
33.5,3.5,Uganda,800,Africa,0
33.5,12.5,Sudan,729,Africa,1
33.5,13.5,Sudan,729,Africa,10
33.5,14.5,Sudan,729,Africa,10
33.5,15.5,Sudan,729,Africa,10
33.5,16.5,Sudan,729,Africa,5
33.5,17.5,Sudan,729,Africa,7
33.5,18.5,Sudan,729,Africa,0
33.5,19.5,Sudan,729,Africa,0
33.5,24.5,Egypt,818,Africa,10
33.5,25.5,Egypt,818,Africa,0
33.5,27.5,Egypt,818,Africa,0
33.5,28.5,Egypt,818,Africa,0
33.5,29.5,Egypt,818,Africa,0
33.5,30.5,Egypt,818,Africa,1
33.5,36.5,Turkey,792,Asia,10
33.5,37.5,Turkey,792,Asia,10
33.5,38.5,Turkey,792,Asia,10
33.5,39.5,Turkey,792,Asia,9
33.5,40.5,Turkey,792,Asia,9
33.5,41.5,Turkey,792,Asia,1
33.5,45.5,Russia,643,Europe,10
33.5,46.5,Ukraine,804,Europe,10
33.5,47.5,Ukraine,804,Europe,8
33.5,48.5,Ukraine,804,Europe,6
33.5,49.5,Ukraine,804,Europe,0
33.5,50.5,Ukraine,804,Europe,0
33.5,51.5,Ukraine,804,Europe,2
33.5,52.5,Russia,643,Europe,1
33.5,53.5,Russia,643,Europe,0
33.5,54.5,Russia,643,Europe,0
33.5,55.5,Russia,643,Europe,0
33.5,56.5,Russia,643,Europe,0
33.5,57.5,Russia,643,Europe,0
33.5,58.5,Russia,643,Europe,0
33.5,59.5,Russia,643,Europe,0
33.5,60.5,Russia,643,Europe,0
34.5,-24.5,Mozambique,508,Africa,0
34.5,-23.5,Mozambique,508,Africa,0
34.5,-22.5,Mozambique,508,Africa,0
34.5,-21.5,Mozambique,508,Africa,0
34.5,-20.5,Mozambique,508,Africa,0
34.5,-19.5,Mozambique,508,Africa,2
34.5,-18.5,Mozambique,508,Africa,0
34.5,-17.5,Mozambique,508,Africa,0
34.5,-16.5,Mozambique,508,Africa,7
34.5,-15.5,Malawi,454,Africa,0
34.5,-14.5,Malawi,454,Africa,0
34.5,-13.5,Malawi,454,Africa,0
34.5,-12.5,Mozambique,508,Africa,1
34.5,-11.5,Malawi,454,Africa,1
34.5,-10.5,Malawi,454,Africa,0
34.5,-9.5,Tanzania,834,Africa,0
34.5,-8.5,Tanzania,834,Africa,7
34.5,-5.5,Tanzania,834,Africa,0
34.5,-4.5,Tanzania,834,Africa,0
34.5,-3.5,Tanzania,834,Africa,0
34.5,-2.5,Tanzania,834,Africa,0
34.5,-1.5,Tanzania,834,Africa,0
34.5,-0.5,Kenya,404,Africa,0
34.5,0.5,Kenya,404,Africa,0
34.5,1.5,Uganda,800,Africa,0
34.5,2.5,Uganda,800,Africa,0
34.5,3.5,Kenya,404,Africa,0
34.5,4.5,Kenya,404,Africa,0
34.5,7.5,Ethiopia,231,Africa,0
34.5,8.5,Ethiopia,231,Africa,0
34.5,9.5,Ethiopia,231,Africa,0
34.5,10.5,Ethiopia,231,Africa,0
34.5,11.5,Sudan,729,Africa,0
34.5,12.5,Sudan,729,Africa,3
34.5,13.5,Sudan,729,Africa,10
34.5,14.5,Sudan,729,Africa,10
34.5,15.5,Sudan,729,Africa,0
34.5,17.5,Sudan,729,Africa,0
34.5,28.5,Egypt,818,Africa,0
34.5,29.5,Egypt,818,Africa,0
34.5,30.5,Egypt,818,Africa,4
34.5,31.5,Israel,376,Asia,10
34.5,37.5,Turkey,792,Asia,10
34.5,38.5,Turkey,792,Asia,9
34.5,39.5,Turkey,792,Asia,9
34.5,40.5,Turkey,792,Asia,10
34.5,41.5,Turkey,792,Asia,10
34.5,45.5,Russia,643,Europe,10
34.5,46.5,Ukraine,804,Europe,10
34.5,47.5,Ukraine,804,Europe,10
34.5,48.5,Ukraine,804,Europe,10
34.5,49.5,Ukraine,804,Europe,4
34.5,50.5,Ukraine,804,Europe,0
34.5,51.5,Russia,643,Europe,0
34.5,52.5,Russia,643,Europe,1
34.5,53.5,Russia,643,Europe,1
34.5,54.5,Russia,643,Europe,0
34.5,55.5,Russia,643,Europe,0
34.5,56.5,Russia,643,Europe,0
34.5,57.5,Russia,643,Europe,0
34.5,58.5,Russia,643,Europe,0
34.5,59.5,Russia,643,Europe,0
34.5,60.5,Russia,643,Europe,0
34.5,61.5,Russia,643,Europe,0
35.5,-22.5,Mozambique,508,Africa,0
35.5,-18.5,Mozambique,508,Africa,0
35.5,-17.5,Mozambique,508,Africa,0
35.5,-16.5,Mozambique,508,Africa,7
35.5,-15.5,Malawi,454,Africa,0
35.5,-14.5,Malawi,454,Africa,0
35.5,-13.5,Mozambique,508,Africa,0
35.5,-12.5,Mozambique,508,Africa,0
35.5,-11.5,Tanzania,834,Africa,0
35.5,-10.5,Tanzania,834,Africa,0
35.5,-9.5,Tanzania,834,Africa,0
35.5,-8.5,Tanzania,834,Africa,0
35.5,-7.5,Tanzania,834,Africa,0
35.5,-6.5,Tanzania,834,Africa,0
35.5,-5.5,Tanzania,834,Africa,0
35.5,-4.5,Tanzania,834,Africa,0
35.5,-3.5,Tanzania,834,Africa,0
35.5,-2.5,Tanzania,834,Africa,0
35.5,-1.5,Kenya,404,Africa,0
35.5,-0.5,Kenya,404,Africa,1
35.5,0.5,Kenya,404,Africa,0
35.5,1.5,Kenya,404,Africa,1
35.5,2.5,Kenya,404,Africa,0
35.5,3.5,Kenya,404,Africa,0
35.5,4.5,Kenya,404,Africa,0
35.5,6.5,Ethiopia,231,Africa,0
35.5,7.5,Ethiopia,231,Africa,0
35.5,8.5,Ethiopia,231,Africa,0
35.5,9.5,Ethiopia,231,Africa,0
35.5,10.5,Ethiopia,231,Africa,0
35.5,12.5,Sudan,729,Africa,0
35.5,13.5,Sudan,729,Africa,0
35.5,14.5,Sudan,729,Africa,1
35.5,15.5,Sudan,729,Africa,9
35.5,16.5,Sudan,729,Africa,0
35.5,28.5,Saudi Arabia,682,Asia,0
35.5,29.5,Jordan,400,Asia,0
35.5,30.5,Jordan,400,Asia,1
35.5,31.5,Jordan,400,Asia,9
35.5,32.5,Israel,376,Asia,10
35.5,33.5,Lebanon,422,Asia,10
35.5,37.5,Turkey,792,Asia,10
35.5,38.5,Turkey,792,Asia,10
35.5,39.5,Turkey,792,Asia,8
35.5,40.5,Turkey,792,Asia,10
35.5,41.5,Turkey,792,Asia,10
35.5,46.5,Ukraine,804,Europe,4
35.5,47.5,Ukraine,804,Europe,10
35.5,48.5,Ukraine,804,Europe,8
35.5,49.5,Ukraine,804,Europe,2
35.5,50.5,Russia,643,Europe,1
35.5,51.5,Russia,643,Europe,2
35.5,52.5,Russia,643,Europe,1
35.5,53.5,Russia,643,Europe,0
35.5,54.5,Russia,643,Europe,0
35.5,55.5,Russia,643,Europe,1
35.5,56.5,Russia,643,Europe,0
35.5,57.5,Russia,643,Europe,0
35.5,58.5,Russia,643,Europe,0
35.5,59.5,Russia,643,Europe,0
35.5,60.5,Russia,643,Europe,0
35.5,61.5,Russia,643,Europe,0
36.5,-18.5,Mozambique,508,Africa,1
36.5,-17.5,Mozambique,508,Africa,0
36.5,-16.5,Mozambique,508,Africa,0
36.5,-15.5,Mozambique,508,Africa,0
36.5,-14.5,Mozambique,508,Africa,0
36.5,-11.5,Tanzania,834,Africa,0
36.5,-10.5,Tanzania,834,Africa,0
36.5,-9.5,Tanzania,834,Africa,0
36.5,-8.5,Tanzania,834,Africa,0
36.5,-7.5,Tanzania,834,Africa,0
36.5,-6.5,Tanzania,834,Africa,0
36.5,-5.5,Tanzania,834,Africa,0
36.5,-4.5,Tanzania,834,Africa,0
36.5,-3.5,Tanzania,834,Africa,7
36.5,-2.5,Tanzania,834,Africa,0
36.5,-1.5,Kenya,404,Africa,3
36.5,-0.5,Kenya,404,Africa,3
36.5,0.5,Kenya,404,Africa,0
36.5,1.5,Kenya,404,Africa,0
36.5,2.5,Kenya,404,Africa,0
36.5,3.5,Kenya,404,Africa,0
36.5,4.5,Ethiopia,231,Africa,0
36.5,5.5,Ethiopia,231,Africa,1
36.5,6.5,Ethiopia,231,Africa,1
36.5,7.5,Ethiopia,231,Africa,0
36.5,8.5,Ethiopia,231,Africa,0
36.5,9.5,Ethiopia,231,Africa,1
36.5,12.5,Ethiopia,231,Africa,0
36.5,13.5,Ethiopia,231,Africa,0
36.5,14.5,Eritrea,232,Africa,1
36.5,15.5,Sudan,729,Africa,6
36.5,16.5,Sudan,729,Africa,6
36.5,27.5,Saudi Arabia,682,Asia,0
36.5,28.5,Saudi Arabia,682,Asia,10
36.5,29.5,Saudi Arabia,682,Asia,0
36.5,31.5,Jordan,400,Asia,0
36.5,32.5,Syria,760,Asia,9
36.5,33.5,Syria,760,Asia,10
36.5,34.5,Syria,760,Asia,10
36.5,35.5,Syria,760,Asia,10
36.5,36.5,Turkey,792,Asia,10
36.5,37.5,Turkey,792,Asia,10
36.5,38.5,Turkey,792,Asia,7
36.5,39.5,Turkey,792,Asia,9
36.5,40.5,Turkey,792,Asia,10
36.5,47.5,Ukraine,804,Europe,3
36.5,48.5,Ukraine,804,Europe,2
36.5,49.5,Ukraine,804,Europe,3
36.5,50.5,Russia,643,Europe,5
36.5,51.5,Russia,643,Europe,2
36.5,52.5,Russia,643,Europe,1
36.5,53.5,Russia,643,Europe,0
36.5,54.5,Russia,643,Europe,0
36.5,55.5,Russia,643,Europe,2
36.5,56.5,Russia,643,Europe,0
36.5,57.5,Russia,643,Europe,0
36.5,58.5,Russia,643,Europe,0
36.5,59.5,Russia,643,Europe,0
36.5,60.5,Russia,643,Europe,0
36.5,61.5,Russia,643,Europe,0
36.5,62.5,Russia,643,Europe,0
37.5,-17.5,Mozambique,508,Africa,0
37.5,-15.5,Mozambique,508,Africa,0
37.5,-12.5,Mozambique,508,Africa,0
37.5,-11.5,Tanzania,834,Africa,0
37.5,-10.5,Tanzania,834,Africa,0
37.5,-9.5,Tanzania,834,Africa,0
37.5,-8.5,Tanzania,834,Africa,0
37.5,-7.5,Tanzania,834,Africa,1
37.5,-6.5,Tanzania,834,Africa,2
37.5,-5.5,Tanzania,834,Africa,0
37.5,-4.5,Tanzania,834,Africa,0
37.5,-3.5,Tanzania,834,Africa,8
37.5,-2.5,Kenya,404,Africa,0
37.5,-1.5,Kenya,404,Africa,0
37.5,-0.5,Kenya,404,Africa,8
37.5,0.5,Kenya,404,Africa,1
37.5,4.5,Ethiopia,231,Africa,0
37.5,5.5,Ethiopia,231,Africa,1
37.5,6.5,Ethiopia,231,Africa,8
37.5,7.5,Ethiopia,231,Africa,1
37.5,8.5,Ethiopia,231,Africa,0
37.5,9.5,Ethiopia,231,Africa,1
37.5,10.5,Ethiopia,231,Africa,2
37.5,11.5,Ethiopia,231,Africa,7
37.5,12.5,Ethiopia,231,Africa,7
37.5,13.5,Ethiopia,231,Africa,0
37.5,14.5,Eritrea,232,Africa,0
37.5,15.5,Eritrea,232,Africa,0
37.5,16.5,Eritrea,232,Africa,0
37.5,26.5,Saudi Arabia,682,Asia,0
37.5,27.5,Saudi Arabia,682,Asia,0
37.5,28.5,Saudi Arabia,682,Asia,0
37.5,30.5,Jordan,400,Asia,0
37.5,31.5,Saudi Arabia,682,Asia,0
37.5,34.5,Syria,760,Asia,2
37.5,35.5,Syria,760,Asia,9
37.5,36.5,Syria,760,Asia,10
37.5,37.5,Turkey,792,Asia,9
37.5,38.5,Turkey,792,Asia,9
37.5,39.5,Turkey,792,Asia,6
37.5,40.5,Turkey,792,Asia,2
37.5,47.5,Ukraine,804,Europe,8
37.5,48.5,Ukraine,804,Europe,8
37.5,49.5,Ukraine,804,Europe,6
37.5,50.5,Russia,643,Europe,1
37.5,51.5,Russia,643,Europe,3
37.5,52.5,Russia,643,Europe,1
37.5,53.5,Russia,643,Europe,0
37.5,54.5,Russia,643,Europe,0
37.5,55.5,Russia,643,Europe,4
37.5,56.5,Russia,643,Europe,1
37.5,57.5,Russia,643,Europe,0
37.5,58.5,Russia,643,Europe,0
37.5,59.5,Russia,643,Europe,0
37.5,60.5,Russia,643,Europe,0
37.5,62.5,Russia,643,Europe,0
38.5,-16.5,Mozambique,508,Africa,0
38.5,-15.5,Mozambique,508,Africa,0
38.5,-14.5,Mozambique,508,Africa,0
38.5,-13.5,Mozambique,508,Africa,0
38.5,-11.5,Mozambique,508,Africa,0
38.5,-10.5,Tanzania,834,Africa,0
38.5,-8.5,Tanzania,834,Africa,0
38.5,-7.5,Tanzania,834,Africa,0
38.5,-6.5,Tanzania,834,Africa,1
38.5,-5.5,Tanzania,834,Africa,1
38.5,-4.5,Tanzania,834,Africa,1
38.5,-3.5,Kenya,404,Africa,0
38.5,-2.5,Kenya,404,Africa,0
38.5,-1.5,Kenya,404,Africa,0
38.5,-0.5,Kenya,404,Africa,0
38.5,0.5,Kenya,404,Africa,0
38.5,3.5,Kenya,404,Africa,1
38.5,4.5,Ethiopia,231,Africa,0
38.5,5.5,Ethiopia,231,Africa,1
38.5,6.5,Ethiopia,231,Africa,3
38.5,7.5,Ethiopia,231,Africa,5
38.5,8.5,Ethiopia,231,Africa,0
38.5,9.5,Ethiopia,231,Africa,3
38.5,10.5,Ethiopia,231,Africa,0
38.5,11.5,Ethiopia,231,Africa,2
38.5,12.5,Ethiopia,231,Africa,0
38.5,13.5,Ethiopia,231,Africa,0
38.5,14.5,Eritrea,232,Africa,0
38.5,15.5,Eritrea,232,Africa,0
38.5,16.5,Eritrea,232,Africa,0
38.5,17.5,Eritrea,232,Africa,0
38.5,24.5,Saudi Arabia,682,Asia,0
38.5,25.5,Saudi Arabia,682,Asia,0
38.5,26.5,Saudi Arabia,682,Asia,0
38.5,27.5,Saudi Arabia,682,Asia,0
38.5,28.5,Saudi Arabia,682,Asia,0
38.5,29.5,Saudi Arabia,682,Asia,7
38.5,30.5,Saudi Arabia,682,Asia,9
38.5,33.5,Syria,760,Asia,0
38.5,34.5,Syria,760,Asia,0
38.5,35.5,Syria,760,Asia,10
38.5,36.5,Syria,760,Asia,10
38.5,37.5,Turkey,792,Asia,8
38.5,38.5,Turkey,792,Asia,10
38.5,39.5,Turkey,792,Asia,7
38.5,40.5,Turkey,792,Asia,7
38.5,44.5,Russia,643,Europe,9
38.5,45.5,Russia,643,Europe,10
38.5,46.5,Russia,643,Europe,1
38.5,47.5,Russia,643,Europe,5
38.5,48.5,Ukraine,804,Europe,5
38.5,49.5,Ukraine,804,Europe,3
38.5,50.5,Russia,643,Europe,2
38.5,51.5,Russia,643,Europe,2
38.5,52.5,Russia,643,Europe,4
38.5,53.5,Russia,643,Europe,0
38.5,54.5,Russia,643,Europe,3
38.5,55.5,Russia,643,Europe,4
38.5,56.5,Russia,643,Europe,0
38.5,57.5,Russia,643,Europe,0
38.5,58.5,Russia,643,Europe,0
38.5,59.5,Russia,643,Europe,0
38.5,60.5,Russia,643,Europe,0
38.5,61.5,Russia,643,Europe,0
38.5,62.5,Russia,643,Europe,0
39.5,-16.5,Mozambique,508,Africa,0
39.5,-15.5,Mozambique,508,Africa,0
39.5,-14.5,Mozambique,508,Africa,0
39.5,-11.5,Mozambique,508,Africa,0
39.5,-10.5,Tanzania,834,Africa,0
39.5,-9.5,Tanzania,834,Africa,0
39.5,-3.5,Kenya,404,Africa,1
39.5,-2.5,Kenya,404,Africa,0
39.5,-1.5,Kenya,404,Africa,0
39.5,-0.5,Kenya,404,Africa,0
39.5,3.5,Ethiopia,231,Africa,0
39.5,5.5,Ethiopia,231,Africa,1
39.5,6.5,Ethiopia,231,Africa,1
39.5,7.5,Ethiopia,231,Africa,4
39.5,8.5,Ethiopia,231,Africa,9
39.5,9.5,Ethiopia,231,Africa,2
39.5,10.5,Ethiopia,231,Africa,0
39.5,11.5,Ethiopia,231,Africa,3
39.5,12.5,Ethiopia,231,Africa,0
39.5,13.5,Ethiopia,231,Africa,2
39.5,14.5,Ethiopia,231,Africa,0
39.5,15.5,Eritrea,232,Africa,0
39.5,21.5,Saudi Arabia,682,Asia,0
39.5,22.5,Saudi Arabia,682,Asia,0
39.5,23.5,Saudi Arabia,682,Asia,0
39.5,24.5,Saudi Arabia,682,Asia,0
39.5,25.5,Saudi Arabia,682,Asia,0
39.5,29.5,Saudi Arabia,682,Asia,0
39.5,30.5,Saudi Arabia,682,Asia,0
39.5,33.5,Iraq,368,Asia,0
39.5,35.5,Syria,760,Asia,10
39.5,36.5,Syria,760,Asia,10
39.5,37.5,Turkey,792,Asia,6
39.5,38.5,Turkey,792,Asia,10
39.5,39.5,Turkey,792,Asia,9
39.5,40.5,Turkey,792,Asia,9
39.5,44.5,Russia,643,Europe,1
39.5,45.5,Russia,643,Europe,5
39.5,46.5,Russia,643,Europe,2
39.5,47.5,Russia,643,Europe,1
39.5,48.5,Ukraine,804,Europe,7
39.5,49.5,Ukraine,804,Europe,4
39.5,50.5,Russia,643,Europe,2
39.5,51.5,Russia,643,Europe,2
39.5,52.5,Russia,643,Europe,4
39.5,53.5,Russia,643,Europe,2
39.5,54.5,Russia,643,Europe,1
39.5,55.5,Russia,643,Europe,4
39.5,56.5,Russia,643,Europe,0
39.5,57.5,Russia,643,Europe,0
39.5,58.5,Russia,643,Europe,0
39.5,59.5,Russia,643,Europe,0
39.5,60.5,Russia,643,Europe,0
39.5,61.5,Russia,643,Europe,0
39.5,62.5,Russia,643,Europe,0
40.5,-15.5,Mozambique,508,Africa,0
40.5,-14.5,Mozambique,508,Africa,0
40.5,-13.5,Mozambique,508,Africa,0
40.5,-12.5,Mozambique,508,Africa,0
40.5,-2.5,Kenya,404,Africa,2
40.5,-1.5,Kenya,404,Africa,1
40.5,1.5,Kenya,404,Africa,0
40.5,3.5,Kenya,404,Africa,0
40.5,4.5,Ethiopia,231,Africa,0
40.5,6.5,Ethiopia,231,Africa,0
40.5,7.5,Ethiopia,231,Africa,0
40.5,8.5,Ethiopia,231,Africa,1
40.5,9.5,Ethiopia,231,Africa,7
40.5,10.5,Ethiopia,231,Africa,2
40.5,11.5,Ethiopia,231,Africa,0
40.5,12.5,Ethiopia,231,Africa,0
40.5,13.5,Ethiopia,231,Africa,0
40.5,14.5,Eritrea,232,Africa,0
40.5,20.5,Saudi Arabia,682,Asia,0
40.5,21.5,Saudi Arabia,682,Asia,1
40.5,22.5,Saudi Arabia,682,Asia,0
40.5,23.5,Saudi Arabia,682,Asia,0
40.5,24.5,Saudi Arabia,682,Asia,0
40.5,25.5,Saudi Arabia,682,Asia,0
40.5,26.5,Saudi Arabia,682,Asia,0
40.5,27.5,Saudi Arabia,682,Asia,0
40.5,28.5,Saudi Arabia,682,Asia,0
40.5,29.5,Saudi Arabia,682,Asia,0
40.5,30.5,Saudi Arabia,682,Asia,0
40.5,34.5,Syria,760,Asia,10
40.5,35.5,Syria,760,Asia,10
40.5,36.5,Syria,760,Asia,10
40.5,37.5,Turkey,792,Asia,10
40.5,38.5,Turkey,792,Asia,8
40.5,39.5,Turkey,792,Asia,8
40.5,40.5,Turkey,792,Asia,7
40.5,43.5,Georgia,268,Asia,0
40.5,44.5,Russia,643,Europe,3
40.5,45.5,Russia,643,Europe,3
40.5,46.5,Russia,643,Europe,2
40.5,47.5,Russia,643,Europe,9
40.5,48.5,Russia,643,Europe,2
40.5,49.5,Russia,643,Europe,2
40.5,50.5,Russia,643,Europe,3
40.5,51.5,Russia,643,Europe,3
40.5,52.5,Russia,643,Europe,2
40.5,53.5,Russia,643,Europe,1
40.5,54.5,Russia,643,Europe,0
40.5,55.5,Russia,643,Europe,0
40.5,56.5,Russia,643,Europe,0
40.5,57.5,Russia,643,Europe,0
40.5,58.5,Russia,643,Europe,0
40.5,59.5,Russia,643,Europe,0
40.5,60.5,Russia,643,Europe,0
40.5,61.5,Russia,643,Europe,0
41.5,-1.5,Somalia,706,Africa,2
41.5,3.5,Kenya,404,Africa,0
41.5,4.5,Ethiopia,231,Africa,0
41.5,6.5,Ethiopia,231,Africa,0
41.5,7.5,Ethiopia,231,Africa,0
41.5,8.5,Ethiopia,231,Africa,0
41.5,9.5,Ethiopia,231,Africa,0
41.5,10.5,Ethiopia,231,Africa,0
41.5,11.5,Ethiopia,231,Africa,8
41.5,12.5,Ethiopia,231,Africa,0
41.5,13.5,Eritrea,232,Africa,0
41.5,18.5,Saudi Arabia,682,Asia,5
41.5,19.5,Saudi Arabia,682,Asia,5
41.5,20.5,Saudi Arabia,682,Asia,0
41.5,21.5,Saudi Arabia,682,Asia,0
41.5,26.5,Saudi Arabia,682,Asia,0
41.5,27.5,Saudi Arabia,682,Asia,3
41.5,28.5,Saudi Arabia,682,Asia,0
41.5,34.5,Iraq,368,Asia,0
41.5,35.5,Iraq,368,Asia,1
41.5,36.5,Iraq,368,Asia,10
41.5,37.5,Turkey,792,Asia,10
41.5,38.5,Turkey,792,Asia,10
41.5,39.5,Turkey,792,Asia,9
41.5,40.5,Turkey,792,Asia,8
41.5,41.5,Turkey,792,Asia,1
41.5,43.5,Russia,643,Europe,0
41.5,44.5,Russia,643,Europe,0
41.5,45.5,Russia,643,Europe,7
41.5,46.5,Russia,643,Europe,7
41.5,47.5,Russia,643,Europe,10
41.5,48.5,Russia,643,Europe,2
41.5,49.5,Russia,643,Europe,2
41.5,50.5,Russia,643,Europe,3
41.5,51.5,Russia,643,Europe,3
41.5,52.5,Russia,643,Europe,2
41.5,53.5,Russia,643,Europe,1
41.5,54.5,Russia,643,Europe,1
41.5,55.5,Russia,643,Europe,0
41.5,56.5,Russia,643,Europe,0
41.5,57.5,Russia,643,Europe,0
41.5,58.5,Russia,643,Europe,0
41.5,59.5,Russia,643,Europe,0
41.5,60.5,Russia,643,Europe,0
41.5,61.5,Russia,643,Europe,0
41.5,62.5,Russia,643,Europe,0
41.5,63.5,Russia,643,Europe,0
41.5,64.5,Russia,643,Europe,0
42.5,0.5,Somalia,706,Africa,7
42.5,1.5,Somalia,706,Africa,0
42.5,2.5,Somalia,706,Africa,0
42.5,3.5,Somalia,706,Africa,0
42.5,4.5,Ethiopia,231,Africa,0
42.5,6.5,Ethiopia,231,Africa,0
42.5,8.5,Ethiopia,231,Africa,0
42.5,9.5,Ethiopia,231,Africa,0
42.5,10.5,Ethiopia,231,Africa,0
42.5,11.5,Djibouti,262,Africa,0
42.5,17.5,Saudi Arabia,682,Asia,9
42.5,18.5,Saudi Arabia,682,Asia,3
42.5,19.5,Saudi Arabia,682,Asia,0
42.5,20.5,Saudi Arabia,682,Asia,2
42.5,21.5,Saudi Arabia,682,Asia,0
42.5,25.5,Saudi Arabia,682,Asia,0
42.5,26.5,Saudi Arabia,682,Asia,0
42.5,27.5,Saudi Arabia,682,Asia,9
42.5,28.5,Saudi Arabia,682,Asia,0
42.5,33.5,Iraq,368,Asia,0
42.5,34.5,Iraq,368,Asia,0
42.5,35.5,Iraq,368,Asia,2
42.5,36.5,Iraq,368,Asia,9
42.5,37.5,Turkey,792,Asia,10
42.5,38.5,Turkey,792,Asia,7
42.5,39.5,Turkey,792,Asia,9
42.5,40.5,Turkey,792,Asia,5
42.5,41.5,Georgia,268,Asia,6
42.5,42.5,Georgia,268,Asia,8
42.5,43.5,Russia,643,Europe,0
42.5,44.5,Russia,643,Europe,2
42.5,45.5,Russia,643,Europe,9
42.5,46.5,Russia,643,Europe,2
42.5,47.5,Russia,643,Europe,7
42.5,48.5,Russia,643,Europe,2
42.5,49.5,Russia,643,Europe,2
42.5,50.5,Russia,643,Europe,2
42.5,51.5,Russia,643,Europe,3
42.5,52.5,Russia,643,Europe,2
42.5,53.5,Russia,643,Europe,2
42.5,54.5,Russia,643,Europe,0
42.5,55.5,Russia,643,Europe,0
42.5,56.5,Russia,643,Europe,0
42.5,57.5,Russia,643,Europe,0
42.5,58.5,Russia,643,Europe,0
42.5,59.5,Russia,643,Europe,0
42.5,60.5,Russia,643,Europe,0
42.5,61.5,Russia,643,Europe,0
43.5,-22.5,Madagascar,450,Africa,0
43.5,-21.5,Madagascar,450,Africa,6
43.5,2.5,Somalia,706,Africa,0
43.5,3.5,Somalia,706,Africa,0
43.5,5.5,Ethiopia,231,Africa,0
43.5,7.5,Ethiopia,231,Africa,0
43.5,8.5,Ethiopia,231,Africa,0
43.5,13.5,Yemen,887,Asia,8
43.5,14.5,Yemen,887,Asia,10
43.5,15.5,Yemen,887,Asia,10
43.5,16.5,Yemen,887,Asia,9
43.5,17.5,Yemen,887,Asia,5
43.5,18.5,Saudi Arabia,682,Asia,0
43.5,19.5,Saudi Arabia,682,Asia,0
43.5,25.5,Saudi Arabia,682,Asia,6
43.5,26.5,Saudi Arabia,682,Asia,10
43.5,27.5,Saudi Arabia,682,Asia,9
43.5,32.5,Iraq,368,Asia,1
43.5,33.5,Iraq,368,Asia,10
43.5,34.5,Iraq,368,Asia,10
43.5,35.5,Iraq,368,Asia,10
43.5,36.5,Iraq,368,Asia,9
43.5,37.5,Turkey,792,Asia,9
43.5,38.5,Turkey,792,Asia,8
43.5,39.5,Turkey,792,Asia,9
43.5,40.5,Turkey,792,Asia,10
43.5,41.5,Georgia,268,Asia,6
43.5,42.5,Georgia,268,Asia,8
43.5,43.5,Russia,643,Europe,4
43.5,44.5,Russia,643,Europe,6
43.5,45.5,Russia,643,Europe,6
43.5,46.5,Russia,643,Europe,2
43.5,47.5,Russia,643,Europe,2
43.5,48.5,Russia,643,Europe,2
43.5,49.5,Russia,643,Europe,2
43.5,50.5,Russia,643,Europe,2
43.5,51.5,Russia,643,Europe,2
43.5,52.5,Russia,643,Europe,1
43.5,53.5,Russia,643,Europe,2
43.5,54.5,Russia,643,Europe,0
43.5,55.5,Russia,643,Europe,1
43.5,56.5,Russia,643,Europe,1
43.5,57.5,Russia,643,Europe,1
43.5,58.5,Russia,643,Europe,0
43.5,59.5,Russia,643,Europe,0
43.5,60.5,Russia,643,Europe,0
43.5,61.5,Russia,643,Europe,0
44.5,-24.5,Madagascar,450,Africa,0
44.5,-23.5,Madagascar,450,Africa,5
44.5,-22.5,Madagascar,450,Africa,0
44.5,-21.5,Madagascar,450,Africa,1
44.5,-20.5,Madagascar,450,Africa,6
44.5,-19.5,Madagascar,450,Africa,0
44.5,-18.5,Madagascar,450,Africa,0
44.5,-17.5,Madagascar,450,Africa,0
44.5,-16.5,Madagascar,450,Africa,0
44.5,2.5,Somalia,706,Africa,2
44.5,3.5,Somalia,706,Africa,0
44.5,4.5,Somalia,706,Africa,0
44.5,5.5,Ethiopia,231,Africa,2
44.5,13.5,Yemen,887,Asia,9
44.5,14.5,Yemen,887,Asia,10
44.5,15.5,Yemen,887,Asia,9
44.5,16.5,Yemen,887,Asia,8
44.5,17.5,Saudi Arabia,682,Asia,7
44.5,19.5,Saudi Arabia,682,Asia,7
44.5,20.5,Saudi Arabia,682,Asia,9
44.5,24.5,Saudi Arabia,682,Asia,7
44.5,25.5,Saudi Arabia,682,Asia,9
44.5,26.5,Saudi Arabia,682,Asia,8
44.5,27.5,Saudi Arabia,682,Asia,0
44.5,29.5,Iraq,368,Asia,1
44.5,31.5,Iraq,368,Asia,10
44.5,32.5,Iraq,368,Asia,10
44.5,33.5,Iraq,368,Asia,10
44.5,34.5,Iraq,368,Asia,10
44.5,35.5,Iraq,368,Asia,10
44.5,36.5,Iraq,368,Asia,4
44.5,37.5,Turkey,792,Asia,8
44.5,38.5,Iran,364,Asia,10
44.5,39.5,Iran,364,Asia,10
44.5,40.5,Armenia,51,Asia,10
44.5,41.5,Georgia,268,Asia,10
44.5,42.5,Georgia,268,Asia,6
44.5,43.5,Russia,643,Europe,8
44.5,44.5,Russia,643,Europe,8
44.5,45.5,Russia,643,Europe,5
44.5,46.5,Russia,643,Europe,1
44.5,47.5,Russia,643,Europe,1
44.5,48.5,Russia,643,Europe,5
44.5,49.5,Russia,643,Europe,2
44.5,50.5,Russia,643,Europe,2
44.5,51.5,Russia,643,Europe,2
44.5,52.5,Russia,643,Europe,1
44.5,53.5,Russia,643,Europe,2
44.5,54.5,Russia,643,Europe,0
44.5,55.5,Russia,643,Europe,1
44.5,56.5,Russia,643,Europe,0
44.5,57.5,Russia,643,Europe,0
44.5,58.5,Russia,643,Europe,0
44.5,59.5,Russia,643,Europe,0
44.5,60.5,Russia,643,Europe,0
45.5,-25.5,Madagascar,450,Africa,0
45.5,-24.5,Madagascar,450,Africa,0
45.5,-23.5,Madagascar,450,Africa,0
45.5,-22.5,Madagascar,450,Africa,0
45.5,-21.5,Madagascar,450,Africa,0
45.5,-20.5,Madagascar,450,Africa,1
45.5,-19.5,Madagascar,450,Africa,5
45.5,-18.5,Madagascar,450,Africa,1
45.5,-17.5,Madagascar,450,Africa,0
45.5,-16.5,Madagascar,450,Africa,0
45.5,2.5,Somalia,706,Africa,6
45.5,3.5,Somalia,706,Africa,2
45.5,4.5,Somalia,706,Africa,0
45.5,13.5,Yemen,887,Asia,7
45.5,15.5,Yemen,887,Asia,5
45.5,19.5,Saudi Arabia,682,Asia,0
45.5,20.5,Saudi Arabia,682,Asia,8
45.5,21.5,Saudi Arabia,682,Asia,0
45.5,23.5,Saudi Arabia,682,Asia,0
45.5,24.5,Saudi Arabia,682,Asia,7
45.5,25.5,Saudi Arabia,682,Asia,6
45.5,28.5,Saudi Arabia,682,Asia,0
45.5,30.5,Iraq,368,Asia,0
45.5,31.5,Iraq,368,Asia,10
45.5,32.5,Iraq,368,Asia,10
45.5,33.5,Iraq,368,Asia,10
45.5,34.5,Iran,364,Asia,10
45.5,35.5,Iraq,368,Asia,8
45.5,36.5,Iran,364,Asia,10
45.5,37.5,Iran,364,Asia,10
45.5,38.5,Iran,364,Asia,10
45.5,39.5,Azerbaijan,31,Asia,10
45.5,40.5,Azerbaijan,31,Asia,10
45.5,41.5,Georgia,268,Asia,10
45.5,42.5,Georgia,268,Asia,1
45.5,43.5,Russia,643,Europe,7
45.5,44.5,Russia,643,Europe,8
45.5,45.5,Russia,643,Europe,3
45.5,46.5,Russia,643,Europe,0
45.5,47.5,Russia,643,Europe,4
45.5,48.5,Russia,643,Europe,7
45.5,49.5,Russia,643,Europe,7
45.5,50.5,Russia,643,Europe,2
45.5,51.5,Russia,643,Europe,2
45.5,52.5,Russia,643,Europe,2
45.5,53.5,Russia,643,Europe,2
45.5,54.5,Russia,643,Europe,2
45.5,55.5,Russia,643,Europe,1
45.5,56.5,Russia,643,Europe,0
45.5,57.5,Russia,643,Europe,0
45.5,58.5,Russia,643,Europe,0
45.5,59.5,Russia,643,Europe,0
45.5,60.5,Russia,643,Europe,0
45.5,61.5,Russia,643,Europe,0
45.5,63.5,Russia,643,Europe,0
46.5,-24.5,Madagascar,450,Africa,5
46.5,-23.5,Madagascar,450,Africa,5
46.5,-22.5,Madagascar,450,Africa,5
46.5,-21.5,Madagascar,450,Africa,7
46.5,-20.5,Madagascar,450,Africa,7
46.5,-19.5,Madagascar,450,Africa,8
46.5,-18.5,Madagascar,450,Africa,7
46.5,-17.5,Madagascar,450,Africa,1
46.5,-16.5,Madagascar,450,Africa,7
46.5,-15.5,Madagascar,450,Africa,6
46.5,4.5,Somalia,706,Africa,1
46.5,13.5,Yemen,887,Asia,0
46.5,14.5,Yemen,887,Asia,2
46.5,21.5,Saudi Arabia,682,Asia,5
46.5,22.5,Saudi Arabia,682,Asia,7
46.5,23.5,Saudi Arabia,682,Asia,0
46.5,24.5,Saudi Arabia,682,Asia,1
46.5,25.5,Saudi Arabia,682,Asia,0
46.5,27.5,Saudi Arabia,682,Asia,0
46.5,28.5,Saudi Arabia,682,Asia,0
46.5,30.5,Iraq,368,Asia,10
46.5,31.5,Iraq,368,Asia,10
46.5,32.5,Iraq,368,Asia,10
46.5,33.5,Iran,364,Asia,9
46.5,34.5,Iran,364,Asia,10
46.5,35.5,Iran,364,Asia,9
46.5,36.5,Iran,364,Asia,10
46.5,37.5,Iran,364,Asia,10
46.5,38.5,Iran,364,Asia,10
46.5,39.5,Azerbaijan,31,Asia,8
46.5,40.5,Azerbaijan,31,Asia,10
46.5,41.5,Azerbaijan,31,Asia,10
46.5,42.5,Russia,643,Europe,0
46.5,43.5,Russia,643,Europe,9
46.5,44.5,Russia,643,Europe,7
46.5,47.5,Russia,643,Europe,6
46.5,48.5,Russia,643,Europe,3
46.5,49.5,Russia,643,Europe,5
46.5,50.5,Russia,643,Europe,7
46.5,51.5,Russia,643,Europe,3
46.5,52.5,Russia,643,Europe,2
46.5,53.5,Russia,643,Europe,1
46.5,54.5,Russia,643,Europe,2
46.5,55.5,Russia,643,Europe,0
46.5,56.5,Russia,643,Europe,1
46.5,57.5,Russia,643,Europe,0
46.5,58.5,Russia,643,Europe,0
46.5,59.5,Russia,643,Europe,0
46.5,60.5,Russia,643,Europe,0
46.5,61.5,Russia,643,Europe,0
47.5,-23.5,Madagascar,450,Africa,6
47.5,-22.5,Madagascar,450,Africa,5
47.5,-21.5,Madagascar,450,Africa,3
47.5,-20.5,Madagascar,450,Africa,4
47.5,-19.5,Madagascar,450,Africa,10
47.5,-18.5,Madagascar,450,Africa,9
47.5,-17.5,Madagascar,450,Africa,0
47.5,-16.5,Madagascar,450,Africa,0
47.5,-15.5,Madagascar,450,Africa,8
47.5,4.5,Somalia,706,Africa,1
47.5,5.5,Somalia,706,Africa,0
47.5,14.5,Yemen,887,Asia,0
47.5,23.5,Saudi Arabia,682,Asia,2
47.5,24.5,Saudi Arabia,682,Asia,8
47.5,25.5,Saudi Arabia,682,Asia,0
47.5,26.5,Saudi Arabia,682,Asia,0
47.5,27.5,Saudi Arabia,682,Asia,8
47.5,28.5,Saudi Arabia,682,Asia,0
47.5,29.5,Kuwait,414,Asia,1
47.5,30.5,Iraq,368,Asia,9
47.5,31.5,Iraq,368,Asia,10
47.5,32.5,Iran,364,Asia,8
47.5,33.5,Iran,364,Asia,9
47.5,34.5,Iran,364,Asia,10
47.5,35.5,Iran,364,Asia,9
47.5,36.5,Iran,364,Asia,8
47.5,37.5,Iran,364,Asia,10
47.5,38.5,Iran,364,Asia,10
47.5,39.5,Iran,364,Asia,10
47.5,40.5,Azerbaijan,31,Asia,10
47.5,41.5,Russia,643,Europe,7
47.5,42.5,Russia,643,Europe,8
47.5,43.5,Russia,643,Europe,8
47.5,45.5,Russia,643,Europe,1
47.5,46.5,Russia,643,Europe,2
47.5,47.5,Russia,643,Europe,4
47.5,48.5,Kazakhstan,398,Asia,0
47.5,49.5,Kazakhstan,398,Asia,0
47.5,50.5,Russia,643,Europe,2
47.5,51.5,Russia,643,Europe,3
47.5,52.5,Russia,643,Europe,3
47.5,53.5,Russia,643,Europe,1
47.5,54.5,Russia,643,Europe,2
47.5,55.5,Russia,643,Europe,2
47.5,56.5,Russia,643,Europe,0
47.5,57.5,Russia,643,Europe,0
47.5,58.5,Russia,643,Europe,0
47.5,59.5,Russia,643,Europe,0
47.5,60.5,Russia,643,Europe,0
47.5,61.5,Russia,643,Europe,0
48.5,-20.5,Madagascar,450,Africa,2
48.5,-19.5,Madagascar,450,Africa,8
48.5,-18.5,Madagascar,450,Africa,8
48.5,-17.5,Madagascar,450,Africa,8
48.5,-16.5,Madagascar,450,Africa,0
48.5,-15.5,Madagascar,450,Africa,2
48.5,-14.5,Madagascar,450,Africa,6
48.5,-13.5,Madagascar,450,Africa,8
48.5,14.5,Yemen,887,Asia,0
48.5,15.5,Yemen,887,Asia,6
48.5,16.5,Yemen,887,Asia,0
48.5,22.5,Saudi Arabia,682,Asia,0
48.5,23.5,Saudi Arabia,682,Asia,0
48.5,24.5,Saudi Arabia,682,Asia,0
48.5,25.5,Saudi Arabia,682,Asia,0
48.5,26.5,Saudi Arabia,682,Asia,0
48.5,27.5,Saudi Arabia,682,Asia,2
48.5,30.5,Iran,364,Asia,10
48.5,31.5,Iran,364,Asia,10
48.5,32.5,Iran,364,Asia,10
48.5,33.5,Iran,364,Asia,10
48.5,34.5,Iran,364,Asia,10
48.5,35.5,Iran,364,Asia,10
48.5,36.5,Iran,364,Asia,10
48.5,37.5,Iran,364,Asia,9
48.5,38.5,Iran,364,Asia,10
48.5,39.5,Azerbaijan,31,Asia,10
48.5,40.5,Azerbaijan,31,Asia,10
48.5,41.5,Azerbaijan,31,Asia,10
48.5,46.5,Russia,643,Europe,2
48.5,48.5,Kazakhstan,398,Asia,0
48.5,49.5,Kazakhstan,398,Asia,0
48.5,50.5,Russia,643,Europe,7
48.5,51.5,Russia,643,Europe,8
48.5,52.5,Russia,643,Europe,8
48.5,53.5,Russia,643,Europe,7
48.5,54.5,Russia,643,Europe,2
48.5,55.5,Russia,643,Europe,3
48.5,56.5,Russia,643,Europe,0
48.5,57.5,Russia,643,Europe,0
48.5,58.5,Russia,643,Europe,0
48.5,61.5,Russia,643,Europe,0
48.5,62.5,Russia,643,Europe,0
49.5,-16.5,Madagascar,450,Africa,1
49.5,-15.5,Madagascar,450,Africa,7
49.5,-14.5,Madagascar,450,Africa,7
49.5,-13.5,Madagascar,450,Africa,8
49.5,-12.5,Madagascar,450,Africa,8
49.5,15.5,Yemen,887,Asia,1
49.5,16.5,Yemen,887,Asia,0
49.5,22.5,Saudi Arabia,682,Asia,0
49.5,23.5,Saudi Arabia,682,Asia,3
49.5,24.5,Saudi Arabia,682,Asia,0
49.5,25.5,Saudi Arabia,682,Asia,0
49.5,26.5,Saudi Arabia,682,Asia,1
49.5,30.5,Iran,364,Asia,9
49.5,31.5,Iran,364,Asia,9
49.5,32.5,Iran,364,Asia,2
49.5,33.5,Iran,364,Asia,10
49.5,34.5,Iran,364,Asia,10
49.5,35.5,Iran,364,Asia,10
49.5,36.5,Iran,364,Asia,10
49.5,40.5,Azerbaijan,31,Asia,7
49.5,48.5,Kazakhstan,398,Asia,0
49.5,49.5,Kazakhstan,398,Asia,0
49.5,50.5,Kazakhstan,398,Asia,2
49.5,51.5,Russia,643,Europe,2
49.5,52.5,Russia,643,Europe,8
49.5,53.5,Russia,643,Europe,7
49.5,54.5,Russia,643,Europe,2
49.5,55.5,Russia,643,Europe,3
49.5,56.5,Russia,643,Europe,3
49.5,57.5,Russia,643,Europe,1
49.5,58.5,Russia,643,Europe,1
49.5,59.5,Russia,643,Europe,0
50.5,15.5,Yemen,887,Asia,1
50.5,24.5,Saudi Arabia,682,Asia,0
50.5,30.5,Iran,364,Asia,9
50.5,31.5,Iran,364,Asia,5
50.5,32.5,Iran,364,Asia,10
50.5,33.5,Iran,364,Asia,10
50.5,34.5,Iran,364,Asia,10
50.5,35.5,Iran,364,Asia,10
50.5,36.5,Iran,364,Asia,10
50.5,44.5,Kazakhstan,398,Asia,0
50.5,47.5,Kazakhstan,398,Asia,0
50.5,48.5,Kazakhstan,398,Asia,0
50.5,49.5,Kazakhstan,398,Asia,2
50.5,50.5,Kazakhstan,398,Asia,9
50.5,51.5,Russia,643,Europe,2
50.5,52.5,Russia,643,Europe,6
50.5,53.5,Russia,643,Europe,6
50.5,54.5,Russia,643,Europe,3
50.5,55.5,Russia,643,Europe,3
50.5,56.5,Russia,643,Europe,2
50.5,57.5,Russia,643,Europe,1
50.5,58.5,Russia,643,Europe,1
50.5,59.5,Russia,643,Europe,0
51.5,15.5,Yemen,887,Asia,1
51.5,16.5,Yemen,887,Asia,0
51.5,28.5,Iran,364,Asia,3
51.5,29.5,Iran,364,Asia,10
51.5,30.5,Iran,364,Asia,9
51.5,31.5,Iran,364,Asia,10
51.5,32.5,Iran,364,Asia,10
51.5,33.5,Iran,364,Asia,8
51.5,34.5,Iran,364,Asia,10
51.5,35.5,Iran,364,Asia,10
51.5,36.5,Iran,364,Asia,10
51.5,43.5,Kazakhstan,398,Asia,0
51.5,44.5,Kazakhstan,398,Asia,0
51.5,47.5,Kazakhstan,398,Asia,0
51.5,48.5,Kazakhstan,398,Asia,2
51.5,49.5,Kazakhstan,398,Asia,3
51.5,50.5,Kazakhstan,398,Asia,6
51.5,51.5,Russia,643,Europe,2
51.5,52.5,Russia,643,Europe,8
51.5,53.5,Russia,643,Europe,6
51.5,54.5,Russia,643,Europe,3
51.5,55.5,Russia,643,Europe,3
51.5,56.5,Russia,643,Europe,1
51.5,57.5,Russia,643,Europe,1
51.5,58.5,Russia,643,Europe,1
51.5,59.5,Russia,643,Europe,0
52.5,16.5,Yemen,887,Asia,1
52.5,23.5,United Arab Emirates,784,Asia,4
52.5,28.5,Iran,364,Asia,8
52.5,29.5,Iran,364,Asia,10
52.5,30.5,Iran,364,Asia,10
52.5,31.5,Iran,364,Asia,7
52.5,32.5,Iran,364,Asia,10
52.5,33.5,Iran,364,Asia,7
52.5,35.5,Iran,364,Asia,10
52.5,36.5,Iran,364,Asia,8
52.5,47.5,Kazakhstan,398,Asia,0
52.5,48.5,Kazakhstan,398,Asia,0
52.5,49.5,Kazakhstan,398,Asia,0
52.5,50.5,Kazakhstan,398,Asia,0
52.5,51.5,Kazakhstan,398,Asia,2
52.5,52.5,Russia,643,Europe,2
52.5,53.5,Russia,643,Europe,2
52.5,54.5,Russia,643,Europe,3
52.5,55.5,Russia,643,Europe,3
52.5,56.5,Russia,643,Europe,1
52.5,57.5,Russia,643,Europe,1
52.5,58.5,Russia,643,Europe,1
52.5,59.5,Russia,643,Europe,0
53.5,12.5,Yemen,887,Asia,1
53.5,17.5,Oman,512,Asia,0
53.5,18.5,Oman,512,Asia,0
53.5,22.5,Saudi Arabia,682,Asia,0
53.5,23.5,United Arab Emirates,784,Asia,6
53.5,27.5,Iran,364,Asia,6
53.5,28.5,Iran,364,Asia,9
53.5,29.5,Iran,364,Asia,10
53.5,30.5,Iran,364,Asia,8
53.5,31.5,Iran,364,Asia,5
53.5,32.5,Iran,364,Asia,0
53.5,33.5,Iran,364,Asia,0
53.5,35.5,Iran,364,Asia,3
53.5,36.5,Iran,364,Asia,10
53.5,45.5,Kazakhstan,398,Asia,0
53.5,46.5,Kazakhstan,398,Asia,0
53.5,47.5,Kazakhstan,398,Asia,0
53.5,48.5,Kazakhstan,398,Asia,0
53.5,49.5,Kazakhstan,398,Asia,0
53.5,50.5,Kazakhstan,398,Asia,2
53.5,51.5,Russia,643,Europe,2
53.5,52.5,Russia,643,Europe,1
53.5,53.5,Russia,643,Europe,1
53.5,54.5,Russia,643,Europe,3
53.5,55.5,Russia,643,Europe,3
53.5,56.5,Russia,643,Europe,1
53.5,57.5,Russia,643,Europe,1
53.5,58.5,Russia,643,Europe,0
53.5,59.5,Russia,643,Europe,0
54.5,17.5,Oman,512,Asia,2
54.5,23.5,United Arab Emirates,784,Asia,2
54.5,27.5,Iran,364,Asia,5
54.5,28.5,Iran,364,Asia,10
54.5,29.5,Iran,364,Asia,8
54.5,30.5,Iran,364,Asia,6
54.5,31.5,Iran,364,Asia,7
54.5,32.5,Iran,364,Asia,3
54.5,33.5,Iran,364,Asia,1
54.5,34.5,Iran,364,Asia,0
54.5,35.5,Iran,364,Asia,0
54.5,36.5,Iran,364,Asia,10
54.5,37.5,Turkmenistan,795,Asia,10
54.5,43.5,Kazakhstan,398,Asia,0
54.5,48.5,Kazakhstan,398,Asia,0
54.5,49.5,Kazakhstan,398,Asia,0
54.5,50.5,Kazakhstan,398,Asia,2
54.5,51.5,Russia,643,Europe,2
54.5,52.5,Russia,643,Europe,1
54.5,53.5,Russia,643,Europe,1
54.5,54.5,Russia,643,Europe,1
54.5,55.5,Russia,643,Europe,1
54.5,56.5,Russia,643,Europe,1
54.5,57.5,Russia,643,Europe,1
54.5,58.5,Russia,643,Europe,1
54.5,59.5,Russia,643,Europe,1
55.5,18.5,Oman,512,Asia,0
55.5,23.5,Oman,512,Asia,3
55.5,24.5,United Arab Emirates,784,Asia,8
55.5,27.5,Iran,364,Asia,3
55.5,28.5,Iran,364,Asia,5
55.5,29.5,Iran,364,Asia,9
55.5,30.5,Iran,364,Asia,10
55.5,31.5,Iran,364,Asia,2
55.5,32.5,Iran,364,Asia,0
55.5,33.5,Iran,364,Asia,0
55.5,35.5,Iran,364,Asia,0
55.5,36.5,Iran,364,Asia,10
55.5,37.5,Iran,364,Asia,10
55.5,38.5,Turkmenistan,795,Asia,0
55.5,39.5,Turkmenistan,795,Asia,5
55.5,48.5,Kazakhstan,398,Asia,0
55.5,49.5,Kazakhstan,398,Asia,0
55.5,50.5,Kazakhstan,398,Asia,2
55.5,51.5,Russia,643,Europe,2
55.5,52.5,Russia,643,Europe,2
55.5,53.5,Russia,643,Europe,1
55.5,54.5,Russia,643,Europe,1
55.5,55.5,Russia,643,Europe,1
55.5,56.5,Russia,643,Europe,1
55.5,57.5,Russia,643,Europe,1
55.5,58.5,Russia,643,Europe,1
55.5,59.5,Russia,643,Europe,0
56.5,18.5,Oman,512,Asia,0
56.5,23.5,Oman,512,Asia,0
56.5,24.5,Oman,512,Asia,5
56.5,27.5,Iran,364,Asia,7
56.5,28.5,Iran,364,Asia,7
56.5,29.5,Iran,364,Asia,10
56.5,30.5,Iran,364,Asia,10
56.5,31.5,Iran,364,Asia,3
56.5,32.5,Iran,364,Asia,0
56.5,33.5,Iran,364,Asia,0
56.5,34.5,Iran,364,Asia,0
56.5,35.5,Iran,364,Asia,0
56.5,36.5,Iran,364,Asia,9
56.5,37.5,Iran,364,Asia,7
56.5,38.5,Turkmenistan,795,Asia,10
56.5,39.5,Turkmenistan,795,Asia,8
56.5,49.5,Kazakhstan,398,Asia,0
56.5,50.5,Kazakhstan,398,Asia,2
56.5,51.5,Russia,643,Europe,2
56.5,52.5,Russia,643,Europe,1
56.5,53.5,Russia,643,Europe,1
56.5,54.5,Russia,643,Europe,0
56.5,55.5,Russia,643,Europe,0
56.5,56.5,Russia,643,Europe,1
56.5,57.5,Russia,643,Europe,1
56.5,58.5,Russia,643,Europe,1
56.5,59.5,Russia,643,Europe,0
56.5,60.5,Russia,643,Europe,0
57.5,22.5,Oman,512,Asia,0
57.5,23.5,Oman,512,Asia,5
57.5,26.5,Iran,364,Asia,3
57.5,27.5,Iran,364,Asia,7
57.5,28.5,Iran,364,Asia,10
57.5,29.5,Iran,364,Asia,5
57.5,30.5,Iran,364,Asia,6
57.5,32.5,Iran,364,Asia,0
57.5,33.5,Iran,364,Asia,5
57.5,34.5,Iran,364,Asia,2
57.5,35.5,Iran,364,Asia,9
57.5,36.5,Iran,364,Asia,10
57.5,37.5,Iran,364,Asia,10
57.5,38.5,Turkmenistan,795,Asia,10
57.5,48.5,Kazakhstan,398,Asia,0
57.5,49.5,Kazakhstan,398,Asia,0
57.5,50.5,Kazakhstan,398,Asia,10
57.5,51.5,Russia,643,Europe,2
57.5,52.5,Russia,643,Europe,0
57.5,53.5,Russia,643,Europe,0
57.5,55.5,Russia,643,Europe,0
57.5,56.5,Russia,643,Europe,1
57.5,57.5,Russia,643,Europe,0
57.5,58.5,Russia,643,Europe,0
57.5,59.5,Russia,643,Europe,0
57.5,60.5,Russia,643,Europe,0
58.5,22.5,Oman,512,Asia,0
58.5,23.5,Oman,512,Asia,0
58.5,26.5,Iran,364,Asia,0
58.5,27.5,Iran,364,Asia,6
58.5,28.5,Iran,364,Asia,7
58.5,29.5,Iran,364,Asia,0
58.5,30.5,Iran,364,Asia,0
58.5,31.5,Iran,364,Asia,0
58.5,32.5,Iran,364,Asia,0
58.5,33.5,Iran,364,Asia,8
58.5,34.5,Iran,364,Asia,10
58.5,35.5,Iran,364,Asia,10
58.5,36.5,Iran,364,Asia,10
58.5,37.5,Iran,364,Asia,10
58.5,38.5,Turkmenistan,795,Asia,10
58.5,41.5,Turkmenistan,795,Asia,7
58.5,42.5,Turkmenistan,795,Asia,10
58.5,43.5,Uzbekistan,860,Asia,9
58.5,48.5,Kazakhstan,398,Asia,0
58.5,49.5,Kazakhstan,398,Asia,0
58.5,50.5,Kazakhstan,398,Asia,2
58.5,51.5,Russia,643,Europe,2
58.5,52.5,Russia,643,Europe,1
58.5,53.5,Russia,643,Europe,0
58.5,54.5,Russia,643,Europe,0
58.5,55.5,Russia,643,Europe,0
58.5,56.5,Russia,643,Europe,0
58.5,57.5,Russia,643,Europe,0
59.5,22.5,Oman,512,Asia,0
59.5,25.5,Iran,364,Asia,0
59.5,26.5,Iran,364,Asia,0
59.5,27.5,Iran,364,Asia,2
59.5,28.5,Iran,364,Asia,2
59.5,29.5,Iran,364,Asia,0
59.5,31.5,Iran,364,Asia,0
59.5,32.5,Iran,364,Asia,7
59.5,33.5,Iran,364,Asia,6
59.5,34.5,Iran,364,Asia,10
59.5,35.5,Iran,364,Asia,10
59.5,36.5,Iran,364,Asia,10
59.5,37.5,Turkmenistan,795,Asia,10
59.5,38.5,Turkmenistan,795,Asia,0
59.5,41.5,Turkmenistan,795,Asia,10
59.5,42.5,Uzbekistan,860,Asia,10
59.5,43.5,Uzbekistan,860,Asia,10
59.5,44.5,Uzbekistan,860,Asia,0
59.5,49.5,Kazakhstan,398,Asia,0
59.5,50.5,Kazakhstan,398,Asia,1
59.5,51.5,Russia,643,Europe,2
59.5,52.5,Russia,643,Europe,2
59.5,53.5,Russia,643,Europe,2
59.5,54.5,Russia,643,Europe,0
59.5,55.5,Russia,643,Europe,0
59.5,56.5,Russia,643,Europe,0
59.5,57.5,Russia,643,Europe,0
59.5,58.5,Russia,643,Europe,0
60.5,25.5,Iran,364,Asia,2
60.5,26.5,Iran,364,Asia,0
60.5,27.5,Iran,364,Asia,5
60.5,28.5,Iran,364,Asia,4
60.5,29.5,Iran,364,Asia,0
60.5,30.5,Iran,364,Asia,0
60.5,31.5,Iran,364,Asia,0
60.5,32.5,Iran,364,Asia,2
60.5,33.5,Iran,364,Asia,1
60.5,34.5,Iran,364,Asia,10
60.5,35.5,Iran,364,Asia,10
60.5,36.5,Iran,364,Asia,8
60.5,37.5,Turkmenistan,795,Asia,10
60.5,38.5,Turkmenistan,795,Asia,1
60.5,41.5,Uzbekistan,860,Asia,10
60.5,42.5,Uzbekistan,860,Asia,10
60.5,43.5,Uzbekistan,860,Asia,10
60.5,44.5,Uzbekistan,860,Asia,0
60.5,46.5,Kazakhstan,398,Asia,0
60.5,49.5,Kazakhstan,398,Asia,0
60.5,50.5,Kazakhstan,398,Asia,1
60.5,51.5,Russia,643,Europe,1
60.5,52.5,Russia,643,Europe,1
60.5,53.5,Russia,643,Europe,1
60.5,54.5,Russia,643,Europe,1
60.5,55.5,Russia,643,Europe,0
60.5,56.5,Russia,643,Europe,1
60.5,57.5,Russia,643,Europe,0
60.5,58.5,Russia,643,Europe,0
60.5,59.5,Russia,643,Europe,0
61.5,25.5,Iran,364,Asia,8
61.5,26.5,Iran,364,Asia,0
61.5,27.5,Iran,364,Asia,0
61.5,28.5,Iran,364,Asia,6
61.5,29.5,Pakistan,586,Asia,0
61.5,30.5,Afghanistan,4,Asia,6
61.5,31.5,Afghanistan,4,Asia,7
61.5,32.5,Afghanistan,4,Asia,6
61.5,33.5,Afghanistan,4,Asia,2
61.5,34.5,Afghanistan,4,Asia,9
61.5,35.5,Turkmenistan,795,Asia,2
61.5,36.5,Turkmenistan,795,Asia,10
61.5,37.5,Turkmenistan,795,Asia,10
61.5,38.5,Turkmenistan,795,Asia,6
61.5,40.5,Turkmenistan,795,Asia,0
61.5,41.5,Uzbekistan,860,Asia,10
61.5,42.5,Uzbekistan,860,Asia,0
61.5,43.5,Uzbekistan,860,Asia,0
61.5,44.5,Kazakhstan,398,Asia,0
61.5,45.5,Kazakhstan,398,Asia,10
61.5,46.5,Kazakhstan,398,Asia,2
61.5,48.5,Kazakhstan,398,Asia,0
61.5,49.5,Kazakhstan,398,Asia,0
61.5,50.5,Kazakhstan,398,Asia,1
61.5,51.5,Kazakhstan,398,Asia,2
61.5,52.5,Kazakhstan,398,Asia,1
61.5,53.5,Russia,643,Europe,2
61.5,54.5,Russia,643,Europe,2
61.5,55.5,Russia,643,Europe,1
61.5,56.5,Russia,643,Europe,0
61.5,57.5,Russia,643,Europe,0
62.5,25.5,Pakistan,586,Asia,0
62.5,26.5,Pakistan,586,Asia,9
62.5,27.5,Iran,364,Asia,0
62.5,28.5,Pakistan,586,Asia,0
62.5,30.5,Afghanistan,4,Asia,0
62.5,31.5,Afghanistan,4,Asia,7
62.5,32.5,Afghanistan,4,Asia,9
62.5,33.5,Afghanistan,4,Asia,9
62.5,34.5,Afghanistan,4,Asia,10
62.5,35.5,Turkmenistan,795,Asia,9
62.5,36.5,Turkmenistan,795,Asia,9
62.5,37.5,Turkmenistan,795,Asia,10
62.5,38.5,Turkmenistan,795,Asia,0
62.5,39.5,Turkmenistan,795,Asia,4
62.5,40.5,Uzbekistan,860,Asia,1
62.5,44.5,Kazakhstan,398,Asia,0
62.5,45.5,Kazakhstan,398,Asia,8
62.5,46.5,Kazakhstan,398,Asia,0
62.5,47.5,Kazakhstan,398,Asia,0
62.5,48.5,Kazakhstan,398,Asia,0
62.5,49.5,Kazakhstan,398,Asia,0
62.5,50.5,Kazakhstan,398,Asia,1
62.5,51.5,Kazakhstan,398,Asia,2
62.5,52.5,Kazakhstan,398,Asia,2
62.5,53.5,Kazakhstan,398,Asia,2
62.5,54.5,Russia,643,Europe,1
62.5,55.5,Russia,643,Europe,0
62.5,56.5,Russia,643,Europe,0
62.5,57.5,Russia,643,Europe,0
62.5,58.5,Russia,643,Europe,0
63.5,25.5,Pakistan,586,Asia,0
63.5,26.5,Pakistan,586,Asia,5
63.5,27.5,Pakistan,586,Asia,0
63.5,30.5,Afghanistan,4,Asia,4
63.5,31.5,Afghanistan,4,Asia,0
63.5,32.5,Afghanistan,4,Asia,5
63.5,33.5,Afghanistan,4,Asia,7
63.5,34.5,Afghanistan,4,Asia,8
63.5,35.5,Afghanistan,4,Asia,10
63.5,36.5,Turkmenistan,795,Asia,1
63.5,37.5,Turkmenistan,795,Asia,1
63.5,38.5,Turkmenistan,795,Asia,10
63.5,39.5,Uzbekistan,860,Asia,10
63.5,40.5,Uzbekistan,860,Asia,3
63.5,44.5,Kazakhstan,398,Asia,1
63.5,45.5,Kazakhstan,398,Asia,4
63.5,49.5,Kazakhstan,398,Asia,1
63.5,50.5,Kazakhstan,398,Asia,1
63.5,51.5,Kazakhstan,398,Asia,2
63.5,52.5,Kazakhstan,398,Asia,4
63.5,53.5,Kazakhstan,398,Asia,4
63.5,54.5,Russia,643,Europe,1
63.5,55.5,Russia,643,Europe,0
63.5,56.5,Russia,643,Europe,0
63.5,57.5,Russia,643,Europe,0
63.5,58.5,Russia,643,Europe,0
64.5,26.5,Pakistan,586,Asia,1
64.5,27.5,Pakistan,586,Asia,0
64.5,29.5,Pakistan,586,Asia,3
64.5,30.5,Afghanistan,4,Asia,3
64.5,31.5,Afghanistan,4,Asia,10
64.5,32.5,Afghanistan,4,Asia,9
64.5,33.5,Afghanistan,4,Asia,6
64.5,34.5,Afghanistan,4,Asia,3
64.5,35.5,Afghanistan,4,Asia,9
64.5,36.5,Turkmenistan,795,Asia,9
64.5,37.5,Turkmenistan,795,Asia,2
64.5,38.5,Turkmenistan,795,Asia,10
64.5,39.5,Uzbekistan,860,Asia,10
64.5,40.5,Uzbekistan,860,Asia,10
64.5,41.5,Uzbekistan,860,Asia,0
64.5,44.5,Kazakhstan,398,Asia,9
64.5,45.5,Kazakhstan,398,Asia,9
64.5,49.5,Kazakhstan,398,Asia,0
64.5,50.5,Kazakhstan,398,Asia,2
64.5,51.5,Kazakhstan,398,Asia,3
64.5,52.5,Kazakhstan,398,Asia,3
64.5,53.5,Kazakhstan,398,Asia,2
64.5,54.5,Russia,643,Europe,1
64.5,55.5,Russia,643,Europe,0
64.5,56.5,Russia,643,Europe,0
64.5,57.5,Russia,643,Europe,0
64.5,58.5,Russia,643,Europe,0
65.5,26.5,Pakistan,586,Asia,5
65.5,27.5,Pakistan,586,Asia,3
65.5,28.5,Pakistan,586,Asia,0
65.5,29.5,Pakistan,586,Asia,6
65.5,30.5,Afghanistan,4,Asia,0
65.5,31.5,Afghanistan,4,Asia,10
65.5,32.5,Afghanistan,4,Asia,9
65.5,33.5,Afghanistan,4,Asia,6
65.5,34.5,Afghanistan,4,Asia,2
65.5,35.5,Afghanistan,4,Asia,7
65.5,36.5,Afghanistan,4,Asia,9
65.5,37.5,Turkmenistan,795,Asia,10
65.5,38.5,Uzbekistan,860,Asia,10
65.5,39.5,Uzbekistan,860,Asia,10
65.5,40.5,Uzbekistan,860,Asia,10
65.5,44.5,Kazakhstan,398,Asia,8
65.5,45.5,Kazakhstan,398,Asia,5
65.5,49.5,Kazakhstan,398,Asia,0
65.5,50.5,Kazakhstan,398,Asia,2
65.5,51.5,Kazakhstan,398,Asia,3
65.5,52.5,Kazakhstan,398,Asia,2
65.5,53.5,Kazakhstan,398,Asia,1
65.5,54.5,Kazakhstan,398,Asia,1
65.5,55.5,Russia,643,Europe,1
65.5,56.5,Russia,643,Europe,0
65.5,57.5,Russia,643,Europe,0
66.5,26.5,Pakistan,586,Asia,5
66.5,27.5,Pakistan,586,Asia,7
66.5,28.5,Pakistan,586,Asia,7
66.5,29.5,Pakistan,586,Asia,8
66.5,30.5,Pakistan,586,Asia,9
66.5,31.5,Afghanistan,4,Asia,8
66.5,32.5,Afghanistan,4,Asia,9
66.5,33.5,Afghanistan,4,Asia,7
66.5,34.5,Afghanistan,4,Asia,6
66.5,35.5,Afghanistan,4,Asia,7
66.5,36.5,Afghanistan,4,Asia,10
66.5,37.5,Turkmenistan,795,Asia,10
66.5,38.5,Uzbekistan,860,Asia,10
66.5,39.5,Uzbekistan,860,Asia,10
66.5,40.5,Uzbekistan,860,Asia,10
66.5,43.5,Kazakhstan,398,Asia,2
66.5,44.5,Kazakhstan,398,Asia,9
66.5,45.5,Kazakhstan,398,Asia,1
66.5,48.5,Kazakhstan,398,Asia,0
66.5,49.5,Kazakhstan,398,Asia,0
66.5,50.5,Kazakhstan,398,Asia,2
66.5,51.5,Kazakhstan,398,Asia,3
66.5,52.5,Kazakhstan,398,Asia,1
66.5,53.5,Kazakhstan,398,Asia,2
66.5,54.5,Kazakhstan,398,Asia,1
66.5,55.5,Russia,643,Europe,1
66.5,56.5,Russia,643,Europe,0
66.5,57.5,Russia,643,Europe,0
67.5,24.5,Pakistan,586,Asia,10
67.5,25.5,Pakistan,586,Asia,4
67.5,26.5,Pakistan,586,Asia,10
67.5,27.5,Pakistan,586,Asia,10
67.5,28.5,Pakistan,586,Asia,10
67.5,29.5,Pakistan,586,Asia,9
67.5,30.5,Pakistan,586,Asia,8
67.5,31.5,Afghanistan,4,Asia,3
67.5,32.5,Afghanistan,4,Asia,9
67.5,33.5,Afghanistan,4,Asia,8
67.5,34.5,Afghanistan,4,Asia,7
67.5,35.5,Afghanistan,4,Asia,5
67.5,36.5,Afghanistan,4,Asia,9
67.5,37.5,Uzbekistan,860,Asia,10
67.5,38.5,Uzbekistan,860,Asia,10
67.5,39.5,Tajikistan,762,Asia,10
67.5,40.5,Uzbekistan,860,Asia,10
67.5,41.5,Kazakhstan,398,Asia,10
67.5,42.5,Kazakhstan,398,Asia,7
67.5,43.5,Kazakhstan,398,Asia,9
67.5,44.5,Kazakhstan,398,Asia,1
67.5,45.5,Kazakhstan,398,Asia,0
67.5,47.5,Kazakhstan,398,Asia,0
67.5,48.5,Kazakhstan,398,Asia,0
67.5,49.5,Kazakhstan,398,Asia,0
67.5,50.5,Kazakhstan,398,Asia,2
67.5,51.5,Kazakhstan,398,Asia,3
67.5,52.5,Kazakhstan,398,Asia,1
67.5,53.5,Kazakhstan,398,Asia,2
67.5,54.5,Kazakhstan,398,Asia,1
67.5,55.5,Russia,643,Europe,1
67.5,56.5,Russia,643,Europe,0
67.5,57.5,Russia,643,Europe,0
68.5,23.5,India,356,Asia,2
68.5,24.5,Pakistan,586,Asia,10
68.5,25.5,Pakistan,586,Asia,10
68.5,26.5,Pakistan,586,Asia,10
68.5,27.5,Pakistan,586,Asia,10
68.5,28.5,Pakistan,586,Asia,10
68.5,29.5,Pakistan,586,Asia,8
68.5,30.5,Pakistan,586,Asia,8
68.5,31.5,Pakistan,586,Asia,0
68.5,32.5,Afghanistan,4,Asia,8
68.5,33.5,Afghanistan,4,Asia,9
68.5,34.5,Afghanistan,4,Asia,8
68.5,35.5,Afghanistan,4,Asia,6
68.5,36.5,Afghanistan,4,Asia,10
68.5,37.5,Tajikistan,762,Asia,10
68.5,38.5,Tajikistan,762,Asia,10
68.5,39.5,Tajikistan,762,Asia,1
68.5,40.5,Uzbekistan,860,Asia,10
68.5,41.5,Kazakhstan,398,Asia,10
68.5,42.5,Kazakhstan,398,Asia,10
68.5,43.5,Kazakhstan,398,Asia,10
68.5,44.5,Kazakhstan,398,Asia,4
68.5,45.5,Kazakhstan,398,Asia,0
68.5,49.5,Kazakhstan,398,Asia,0
68.5,50.5,Kazakhstan,398,Asia,0
68.5,51.5,Kazakhstan,398,Asia,2
68.5,52.5,Kazakhstan,398,Asia,1
68.5,53.5,Kazakhstan,398,Asia,1
68.5,54.5,Kazakhstan,398,Asia,2
68.5,55.5,Russia,643,Europe,1
68.5,56.5,Russia,643,Europe,0
68.5,57.5,Russia,643,Europe,0
68.5,58.5,Russia,643,Europe,0
69.5,23.5,India,356,Asia,10
69.5,24.5,Pakistan,586,Asia,10
69.5,25.5,Pakistan,586,Asia,10
69.5,26.5,Pakistan,586,Asia,10
69.5,27.5,Pakistan,586,Asia,10
69.5,28.5,Pakistan,586,Asia,10
69.5,29.5,Pakistan,586,Asia,7
69.5,30.5,Pakistan,586,Asia,8
69.5,31.5,Pakistan,586,Asia,6
69.5,32.5,Pakistan,586,Asia,8
69.5,33.5,Afghanistan,4,Asia,9
69.5,34.5,Afghanistan,4,Asia,10
69.5,35.5,Afghanistan,4,Asia,10
69.5,36.5,Afghanistan,4,Asia,10
69.5,37.5,Afghanistan,4,Asia,10
69.5,38.5,Tajikistan,762,Asia,10
69.5,39.5,Tajikistan,762,Asia,8
69.5,40.5,Tajikistan,762,Asia,10
69.5,41.5,Uzbekistan,860,Asia,10
69.5,42.5,Kazakhstan,398,Asia,10
69.5,43.5,Kazakhstan,398,Asia,1
69.5,44.5,Kazakhstan,398,Asia,4
69.5,49.5,Kazakhstan,398,Asia,0
69.5,50.5,Kazakhstan,398,Asia,2
69.5,51.5,Kazakhstan,398,Asia,2
69.5,52.5,Kazakhstan,398,Asia,1
69.5,53.5,Kazakhstan,398,Asia,1
69.5,54.5,Kazakhstan,398,Asia,2
69.5,55.5,Russia,643,Europe,1
69.5,56.5,Russia,643,Europe,0
69.5,57.5,Russia,643,Europe,0
69.5,58.5,Russia,643,Europe,0
70.5,21.5,India,356,Asia,10
70.5,22.5,India,356,Asia,10
70.5,23.5,India,356,Asia,10
70.5,24.5,Pakistan,586,Asia,6
70.5,25.5,Pakistan,586,Asia,3
70.5,26.5,India,356,Asia,1
70.5,27.5,India,356,Asia,7
70.5,28.5,Pakistan,586,Asia,10
70.5,29.5,Pakistan,586,Asia,10
70.5,30.5,Pakistan,586,Asia,10
70.5,31.5,Pakistan,586,Asia,10
70.5,32.5,Pakistan,586,Asia,10
70.5,33.5,Pakistan,586,Asia,10
70.5,34.5,Afghanistan,4,Asia,10
70.5,35.5,Afghanistan,4,Asia,1
70.5,36.5,Afghanistan,4,Asia,7
70.5,37.5,Afghanistan,4,Asia,4
70.5,38.5,Tajikistan,762,Asia,4
70.5,39.5,Tajikistan,762,Asia,1
70.5,40.5,Uzbekistan,860,Asia,10
70.5,41.5,Kyrgyzstan,417,Asia,2
70.5,42.5,Kazakhstan,398,Asia,6
70.5,43.5,Kazakhstan,398,Asia,1
70.5,44.5,Kazakhstan,398,Asia,1
70.5,45.5,Kazakhstan,398,Asia,0
70.5,48.5,Kazakhstan,398,Asia,0
70.5,49.5,Kazakhstan,398,Asia,0
70.5,50.5,Kazakhstan,398,Asia,2
70.5,51.5,Kazakhstan,398,Asia,3
70.5,52.5,Kazakhstan,398,Asia,1
70.5,53.5,Kazakhstan,398,Asia,2
70.5,54.5,Kazakhstan,398,Asia,1
70.5,55.5,Russia,643,Europe,0
70.5,56.5,Russia,643,Europe,0
70.5,57.5,Russia,643,Europe,0
71.5,21.5,India,356,Asia,10
71.5,22.5,India,356,Asia,10
71.5,23.5,India,356,Asia,10
71.5,24.5,India,356,Asia,10
71.5,25.5,India,356,Asia,8
71.5,26.5,India,356,Asia,7
71.5,27.5,India,356,Asia,7
71.5,28.5,Pakistan,586,Asia,10
71.5,29.5,Pakistan,586,Asia,10
71.5,30.5,Pakistan,586,Asia,10
71.5,31.5,Pakistan,586,Asia,10
71.5,32.5,Pakistan,586,Asia,10
71.5,33.5,Pakistan,586,Asia,10
71.5,34.5,Pakistan,586,Asia,10
71.5,35.5,Afghanistan,4,Asia,9
71.5,36.5,Afghanistan,4,Asia,2
71.5,37.5,Tajikistan,762,Asia,0
71.5,38.5,Tajikistan,762,Asia,0
71.5,39.5,Tajikistan,762,Asia,8
71.5,40.5,Uzbekistan,860,Asia,10
71.5,41.5,Kyrgyzstan,417,Asia,10
71.5,42.5,Kyrgyzstan,417,Asia,10
71.5,43.5,Kazakhstan,398,Asia,10
71.5,44.5,Kazakhstan,398,Asia,1
71.5,47.5,Kazakhstan,398,Asia,0
71.5,48.5,Kazakhstan,398,Asia,0
71.5,49.5,Kazakhstan,398,Asia,1
71.5,50.5,Kazakhstan,398,Asia,8
71.5,51.5,Kazakhstan,398,Asia,2
71.5,52.5,Kazakhstan,398,Asia,0
71.5,53.5,Kazakhstan,398,Asia,2
71.5,54.5,Russia,643,Europe,1
71.5,55.5,Russia,643,Europe,0
71.5,56.5,Russia,643,Europe,0
72.5,22.5,India,356,Asia,10
72.5,23.5,India,356,Asia,10
72.5,24.5,India,356,Asia,10
72.5,25.5,India,356,Asia,10
72.5,26.5,India,356,Asia,9
72.5,27.5,India,356,Asia,8
72.5,28.5,India,356,Asia,10
72.5,29.5,Pakistan,586,Asia,10
72.5,30.5,Pakistan,586,Asia,10
72.5,31.5,Pakistan,586,Asia,10
72.5,32.5,Pakistan,586,Asia,10
72.5,33.5,Pakistan,586,Asia,10
72.5,34.5,Pakistan,586,Asia,10
72.5,35.5,Pakistan,586,Asia,9
72.5,36.5,Pakistan,586,Asia,6
72.5,37.5,Tajikistan,762,Asia,0
72.5,39.5,Kyrgyzstan,417,Asia,3
72.5,40.5,Kyrgyzstan,417,Asia,10
72.5,41.5,Kyrgyzstan,417,Asia,10
72.5,42.5,Kyrgyzstan,417,Asia,10
72.5,43.5,Kazakhstan,398,Asia,1
72.5,44.5,Kazakhstan,398,Asia,2
72.5,47.5,Kazakhstan,398,Asia,0
72.5,48.5,Kazakhstan,398,Asia,0
72.5,49.5,Kazakhstan,398,Asia,3
72.5,50.5,Kazakhstan,398,Asia,8
72.5,51.5,Kazakhstan,398,Asia,2
72.5,52.5,Kazakhstan,398,Asia,2
72.5,53.5,Kazakhstan,398,Asia,0
72.5,54.5,Russia,643,Europe,0
72.5,55.5,Russia,643,Europe,1
72.5,56.5,Russia,643,Europe,0
72.5,57.5,Russia,643,Europe,0
73.5,16.5,India,356,Asia,9
73.5,17.5,India,356,Asia,9
73.5,18.5,India,356,Asia,10
73.5,19.5,India,356,Asia,10
73.5,20.5,India,356,Asia,10
73.5,21.5,India,356,Asia,10
73.5,22.5,India,356,Asia,10
73.5,23.5,India,356,Asia,10
73.5,24.5,India,356,Asia,10
73.5,25.5,India,356,Asia,10
73.5,26.5,India,356,Asia,10
73.5,27.5,India,356,Asia,8
73.5,28.5,India,356,Asia,10
73.5,29.5,India,356,Asia,10
73.5,30.5,Pakistan,586,Asia,10
73.5,31.5,Pakistan,586,Asia,10
73.5,32.5,Pakistan,586,Asia,10
73.5,33.5,Pakistan,586,Asia,6
73.5,34.5,Pakistan,586,Asia,10
73.5,35.5,Pakistan,586,Asia,8
73.5,36.5,Pakistan,586,Asia,5
73.5,37.5,Tajikistan,762,Asia,0
73.5,39.5,Kyrgyzstan,417,Asia,0
73.5,40.5,Kyrgyzstan,417,Asia,10
73.5,41.5,Kyrgyzstan,417,Asia,9
73.5,42.5,Kyrgyzstan,417,Asia,10
73.5,43.5,Kazakhstan,398,Asia,10
73.5,44.5,Kazakhstan,398,Asia,1
73.5,48.5,Kazakhstan,398,Asia,0
73.5,49.5,Kazakhstan,398,Asia,1
73.5,50.5,Kazakhstan,398,Asia,7
73.5,51.5,Kazakhstan,398,Asia,1
73.5,52.5,Kazakhstan,398,Asia,2
73.5,53.5,Russia,643,Europe,1
73.5,54.5,Russia,643,Europe,1
73.5,55.5,Russia,643,Europe,1
73.5,56.5,Russia,643,Europe,0
73.5,57.5,Russia,643,Europe,0
74.5,14.5,India,356,Asia,3
74.5,15.5,India,356,Asia,9
74.5,16.5,India,356,Asia,10
74.5,17.5,India,356,Asia,10
74.5,18.5,India,356,Asia,10
74.5,19.5,India,356,Asia,10
74.5,20.5,India,356,Asia,10
74.5,21.5,India,356,Asia,10
74.5,22.5,India,356,Asia,10
74.5,23.5,India,356,Asia,10
74.5,24.5,India,356,Asia,10
74.5,25.5,India,356,Asia,10
74.5,26.5,India,356,Asia,10
74.5,27.5,India,356,Asia,10
74.5,28.5,India,356,Asia,5
74.5,29.5,India,356,Asia,10
74.5,30.5,India,356,Asia,10
74.5,31.5,Pakistan,586,Asia,10
74.5,32.5,Pakistan,586,Asia,10
74.5,33.5,India,356,Asia,8
74.5,34.5,India,356,Asia,8
74.5,35.5,Pakistan,586,Asia,6
74.5,36.5,Pakistan,586,Asia,6
74.5,37.5,Tajikistan,762,Asia,0
74.5,38.5,Tajikistan,762,Asia,0
74.5,39.5,China,156,Asia,0
74.5,40.5,Kyrgyzstan,417,Asia,1
74.5,41.5,Kyrgyzstan,417,Asia,7
74.5,42.5,Kyrgyzstan,417,Asia,10
74.5,43.5,Kazakhstan,398,Asia,10
74.5,44.5,Kazakhstan,398,Asia,0
74.5,45.5,Kazakhstan,398,Asia,6
74.5,46.5,Kazakhstan,398,Asia,1
74.5,48.5,Kazakhstan,398,Asia,0
74.5,49.5,Kazakhstan,398,Asia,1
74.5,50.5,Kazakhstan,398,Asia,0
74.5,51.5,Kazakhstan,398,Asia,1
74.5,52.5,Kazakhstan,398,Asia,1
74.5,53.5,Kazakhstan,398,Asia,2
74.5,54.5,Russia,643,Europe,3
74.5,55.5,Russia,643,Europe,1
74.5,56.5,Russia,643,Europe,0
74.5,57.5,Russia,643,Europe,0
75.5,12.5,India,356,Asia,10
75.5,13.5,India,356,Asia,10
75.5,14.5,India,356,Asia,10
75.5,15.5,India,356,Asia,10
75.5,16.5,India,356,Asia,10
75.5,17.5,India,356,Asia,10
75.5,18.5,India,356,Asia,10
75.5,19.5,India,356,Asia,10
75.5,20.5,India,356,Asia,10
75.5,21.5,India,356,Asia,10
75.5,22.5,India,356,Asia,10
75.5,23.5,India,356,Asia,10
75.5,24.5,India,356,Asia,10
75.5,25.5,India,356,Asia,10
75.5,26.5,India,356,Asia,10
75.5,27.5,India,356,Asia,10
75.5,28.5,India,356,Asia,10
75.5,29.5,India,356,Asia,10
75.5,30.5,India,356,Asia,10
75.5,31.5,India,356,Asia,10
75.5,32.5,India,356,Asia,10
75.5,33.5,India,356,Asia,8
75.5,34.5,India,356,Asia,7
75.5,35.5,Pakistan,586,Asia,7
75.5,36.5,Pakistan,586,Asia,0
75.5,37.5,China,156,Asia,0
75.5,38.5,China,156,Asia,2
75.5,39.5,China,156,Asia,10
75.5,40.5,China,156,Asia,0
75.5,41.5,Kyrgyzstan,417,Asia,9
75.5,42.5,Kyrgyzstan,417,Asia,10
75.5,43.5,Kazakhstan,398,Asia,1
75.5,44.5,Kazakhstan,398,Asia,2
75.5,45.5,Kazakhstan,398,Asia,6
75.5,46.5,Kazakhstan,398,Asia,1
75.5,47.5,Kazakhstan,398,Asia,0
75.5,48.5,Kazakhstan,398,Asia,0
75.5,49.5,Kazakhstan,398,Asia,1
75.5,50.5,Kazakhstan,398,Asia,0
75.5,51.5,Kazakhstan,398,Asia,0
75.5,52.5,Kazakhstan,398,Asia,2
75.5,53.5,Kazakhstan,398,Asia,9
75.5,54.5,Russia,643,Europe,4
75.5,55.5,Russia,643,Europe,1
75.5,56.5,Russia,643,Europe,0
76.5,9.5,India,356,Asia,9
76.5,10.5,India,356,Asia,10
76.5,11.5,India,356,Asia,9
76.5,12.5,India,356,Asia,9
76.5,13.5,India,356,Asia,9
76.5,14.5,India,356,Asia,9
76.5,15.5,India,356,Asia,10
76.5,16.5,India,356,Asia,10
76.5,17.5,India,356,Asia,10
76.5,18.5,India,356,Asia,10
76.5,19.5,India,356,Asia,10
76.5,20.5,India,356,Asia,10
76.5,21.5,India,356,Asia,10
76.5,22.5,India,356,Asia,10
76.5,23.5,India,356,Asia,10
76.5,24.5,India,356,Asia,10
76.5,25.5,India,356,Asia,10
76.5,26.5,India,356,Asia,10
76.5,27.5,India,356,Asia,10
76.5,28.5,India,356,Asia,10
76.5,29.5,India,356,Asia,10
76.5,30.5,India,356,Asia,10
76.5,31.5,India,356,Asia,10
76.5,32.5,India,356,Asia,9
76.5,33.5,India,356,Asia,0
76.5,34.5,India,356,Asia,3
76.5,35.5,Pakistan,586,Asia,5
76.5,37.5,China,156,Asia,5
76.5,38.5,China,156,Asia,10
76.5,39.5,China,156,Asia,10
76.5,40.5,Kyrgyzstan,417,Asia,0
76.5,41.5,Kyrgyzstan,417,Asia,9
76.5,42.5,Kyrgyzstan,417,Asia,9
76.5,43.5,Kazakhstan,398,Asia,9
76.5,44.5,Kazakhstan,398,Asia,9
76.5,45.5,Kazakhstan,398,Asia,0
76.5,46.5,Kazakhstan,398,Asia,0
76.5,48.5,Kazakhstan,398,Asia,0
76.5,49.5,Kazakhstan,398,Asia,0
76.5,50.5,Kazakhstan,398,Asia,0
76.5,51.5,Kazakhstan,398,Asia,1
76.5,52.5,Kazakhstan,398,Asia,9
76.5,53.5,Kazakhstan,398,Asia,2
76.5,54.5,Russia,643,Europe,1
76.5,55.5,Russia,643,Europe,1
76.5,56.5,Russia,643,Europe,0
77.5,8.5,India,356,Asia,10
77.5,9.5,India,356,Asia,10
77.5,10.5,India,356,Asia,9
77.5,11.5,India,356,Asia,9
77.5,12.5,India,356,Asia,10
77.5,13.5,India,356,Asia,10
77.5,14.5,India,356,Asia,10
77.5,15.5,India,356,Asia,10
77.5,16.5,India,356,Asia,10
77.5,17.5,India,356,Asia,10
77.5,18.5,India,356,Asia,10
77.5,19.5,India,356,Asia,10
77.5,20.5,India,356,Asia,10
77.5,21.5,India,356,Asia,10
77.5,22.5,India,356,Asia,10
77.5,23.5,India,356,Asia,10
77.5,24.5,India,356,Asia,10
77.5,25.5,India,356,Asia,10
77.5,26.5,India,356,Asia,10
77.5,27.5,India,356,Asia,10
77.5,28.5,India,356,Asia,10
77.5,29.5,India,356,Asia,10
77.5,30.5,India,356,Asia,10
77.5,31.5,India,356,Asia,5
77.5,32.5,India,356,Asia,0
77.5,33.5,India,356,Asia,0
77.5,34.5,India,356,Asia,0
77.5,37.5,China,156,Asia,10
77.5,38.5,China,156,Asia,10
77.5,39.5,China,156,Asia,10
77.5,40.5,China,156,Asia,0
77.5,41.5,Kyrgyzstan,417,Asia,1
77.5,42.5,Kyrgyzstan,417,Asia,10
77.5,43.5,Kazakhstan,398,Asia,10
77.5,44.5,Kazakhstan,398,Asia,1
77.5,45.5,Kazakhstan,398,Asia,10
77.5,46.5,Kazakhstan,398,Asia,2
77.5,48.5,Kazakhstan,398,Asia,0
77.5,49.5,Kazakhstan,398,Asia,0
77.5,51.5,Kazakhstan,398,Asia,2
77.5,52.5,Kazakhstan,398,Asia,2
77.5,53.5,Russia,643,Europe,2
77.5,54.5,Russia,643,Europe,1
77.5,55.5,Russia,643,Europe,1
77.5,56.5,Russia,643,Europe,0
78.5,9.5,India,356,Asia,10
78.5,10.5,India,356,Asia,10
78.5,11.5,India,356,Asia,10
78.5,12.5,India,356,Asia,10
78.5,13.5,India,356,Asia,10
78.5,14.5,India,356,Asia,10
78.5,15.5,India,356,Asia,10
78.5,16.5,India,356,Asia,10
78.5,17.5,India,356,Asia,10
78.5,18.5,India,356,Asia,10
78.5,19.5,India,356,Asia,10
78.5,20.5,India,356,Asia,10
78.5,21.5,India,356,Asia,10
78.5,22.5,India,356,Asia,10
78.5,23.5,India,356,Asia,10
78.5,24.5,India,356,Asia,10
78.5,25.5,India,356,Asia,10
78.5,26.5,India,356,Asia,10
78.5,27.5,India,356,Asia,10
78.5,28.5,India,356,Asia,10
78.5,29.5,India,356,Asia,10
78.5,30.5,India,356,Asia,9
78.5,31.5,India,356,Asia,1
78.5,32.5,China,156,Asia,0
78.5,33.5,India,356,Asia,0
78.5,34.5,India,356,Asia,0
78.5,37.5,China,156,Asia,8
78.5,39.5,China,156,Asia,9
78.5,40.5,China,156,Asia,0
78.5,41.5,Kyrgyzstan,417,Asia,0
78.5,42.5,Kyrgyzstan,417,Asia,10
78.5,43.5,Kazakhstan,398,Asia,9
78.5,44.5,Kazakhstan,398,Asia,10
78.5,45.5,Kazakhstan,398,Asia,10
78.5,46.5,Kazakhstan,398,Asia,2
78.5,47.5,Kazakhstan,398,Asia,0
78.5,48.5,Kazakhstan,398,Asia,0
78.5,50.5,Kazakhstan,398,Asia,0
78.5,51.5,Kazakhstan,398,Asia,2
78.5,52.5,Kazakhstan,398,Asia,2
78.5,53.5,Russia,643,Europe,2
78.5,54.5,Russia,643,Europe,5
78.5,55.5,Russia,643,Europe,1
79.5,10.5,India,356,Asia,10
79.5,11.5,India,356,Asia,10
79.5,12.5,India,356,Asia,10
79.5,13.5,India,356,Asia,10
79.5,14.5,India,356,Asia,10
79.5,15.5,India,356,Asia,10
79.5,16.5,India,356,Asia,10
79.5,17.5,India,356,Asia,10
79.5,18.5,India,356,Asia,10
79.5,19.5,India,356,Asia,10
79.5,20.5,India,356,Asia,10
79.5,21.5,India,356,Asia,10
79.5,22.5,India,356,Asia,10
79.5,23.5,India,356,Asia,10
79.5,24.5,India,356,Asia,10
79.5,25.5,India,356,Asia,10
79.5,26.5,India,356,Asia,10
79.5,27.5,India,356,Asia,10
79.5,28.5,India,356,Asia,10
79.5,29.5,India,356,Asia,10
79.5,30.5,India,356,Asia,2
79.5,31.5,China,156,Asia,0
79.5,36.5,China,156,Asia,0
79.5,37.5,China,156,Asia,10
79.5,39.5,China,156,Asia,9
79.5,40.5,China,156,Asia,8
79.5,41.5,China,156,Asia,10
79.5,42.5,Kazakhstan,398,Asia,0
79.5,43.5,Kazakhstan,398,Asia,6
79.5,44.5,Kazakhstan,398,Asia,6
79.5,45.5,Kazakhstan,398,Asia,10
79.5,46.5,Kazakhstan,398,Asia,1
79.5,47.5,Kazakhstan,398,Asia,0
79.5,48.5,Kazakhstan,398,Asia,0
79.5,49.5,Kazakhstan,398,Asia,0
79.5,50.5,Kazakhstan,398,Asia,3
79.5,51.5,Russia,643,Europe,2
79.5,52.5,Russia,643,Europe,2
79.5,53.5,Russia,643,Europe,1
79.5,54.5,Russia,643,Europe,1
79.5,55.5,Russia,643,Europe,0
80.5,6.5,Sri Lanka,144,Asia,9
80.5,7.5,Sri Lanka,144,Asia,10
80.5,8.5,Sri Lanka,144,Asia,10
80.5,9.5,Sri Lanka,144,Asia,9
80.5,16.5,India,356,Asia,10
80.5,17.5,India,356,Asia,10
80.5,18.5,India,356,Asia,10
80.5,19.5,India,356,Asia,5
80.5,20.5,India,356,Asia,10
80.5,21.5,India,356,Asia,10
80.5,22.5,India,356,Asia,9
80.5,23.5,India,356,Asia,10
80.5,24.5,India,356,Asia,10
80.5,25.5,India,356,Asia,10
80.5,26.5,India,356,Asia,10
80.5,27.5,India,356,Asia,10
80.5,28.5,India,356,Asia,10
80.5,29.5,Nepal,524,Asia,9
80.5,30.5,China,156,Asia,0
80.5,36.5,China,156,Asia,3
80.5,37.5,China,156,Asia,10
80.5,40.5,China,156,Asia,10
80.5,41.5,China,156,Asia,10
80.5,42.5,China,156,Asia,7
80.5,43.5,Kazakhstan,398,Asia,10
80.5,44.5,China,156,Asia,10
80.5,45.5,Kazakhstan,398,Asia,10
80.5,46.5,Kazakhstan,398,Asia,2
80.5,47.5,Kazakhstan,398,Asia,1
80.5,48.5,Kazakhstan,398,Asia,0
80.5,49.5,Kazakhstan,398,Asia,0
80.5,50.5,Kazakhstan,398,Asia,2
80.5,51.5,Russia,643,Europe,2
80.5,52.5,Russia,643,Europe,2
80.5,53.5,Russia,643,Europe,1
80.5,54.5,Russia,643,Europe,1
80.5,55.5,Russia,643,Europe,0
81.5,6.5,Sri Lanka,144,Asia,8
81.5,7.5,Sri Lanka,144,Asia,10
81.5,16.5,India,356,Asia,10
81.5,17.5,India,356,Asia,10
81.5,18.5,India,356,Asia,7
81.5,19.5,India,356,Asia,3
81.5,20.5,India,356,Asia,10
81.5,21.5,India,356,Asia,10
81.5,22.5,India,356,Asia,10
81.5,23.5,India,356,Asia,9
81.5,24.5,India,356,Asia,10
81.5,25.5,India,356,Asia,10
81.5,26.5,India,356,Asia,10
81.5,27.5,India,356,Asia,10
81.5,28.5,Nepal,524,Asia,10
81.5,29.5,Nepal,524,Asia,8
81.5,30.5,China,156,Asia,0
81.5,36.5,China,156,Asia,10
81.5,37.5,China,156,Asia,1
81.5,40.5,China,156,Asia,9
81.5,41.5,China,156,Asia,10
81.5,42.5,China,156,Asia,2
81.5,43.5,China,156,Asia,10
81.5,44.5,China,156,Asia,9
81.5,45.5,Kazakhstan,398,Asia,9
81.5,46.5,Kazakhstan,398,Asia,9
81.5,47.5,Kazakhstan,398,Asia,9
81.5,48.5,Kazakhstan,398,Asia,0
81.5,49.5,Kazakhstan,398,Asia,2
81.5,50.5,Kazakhstan,398,Asia,1
81.5,51.5,Russia,643,Europe,1
81.5,52.5,Russia,643,Europe,1
81.5,53.5,Russia,643,Europe,1
81.5,54.5,Russia,643,Europe,1
81.5,55.5,Russia,643,Europe,0
82.5,17.5,India,356,Asia,10
82.5,18.5,India,356,Asia,10
82.5,19.5,India,356,Asia,10
82.5,20.5,India,356,Asia,10
82.5,21.5,India,356,Asia,10
82.5,22.5,India,356,Asia,10
82.5,23.5,India,356,Asia,7
82.5,24.5,India,356,Asia,10
82.5,25.5,India,356,Asia,10
82.5,26.5,India,356,Asia,10
82.5,27.5,India,356,Asia,10
82.5,28.5,Nepal,524,Asia,10
82.5,29.5,Nepal,524,Asia,0
82.5,36.5,China,156,Asia,0
82.5,37.5,China,156,Asia,0
82.5,40.5,China,156,Asia,1
82.5,41.5,China,156,Asia,10
82.5,42.5,China,156,Asia,1
82.5,43.5,China,156,Asia,10
82.5,44.5,China,156,Asia,10
82.5,45.5,China,156,Asia,3
82.5,46.5,Kazakhstan,398,Asia,10
82.5,47.5,Kazakhstan,398,Asia,6
82.5,48.5,Kazakhstan,398,Asia,3
82.5,49.5,Kazakhstan,398,Asia,1
82.5,50.5,Kazakhstan,398,Asia,1
82.5,51.5,Russia,643,Europe,1
82.5,52.5,Russia,643,Europe,1
82.5,53.5,Russia,643,Europe,1
82.5,54.5,Russia,643,Europe,1
82.5,55.5,Russia,643,Europe,1
82.5,56.5,Russia,643,Europe,0
82.5,57.5,Russia,643,Europe,0
82.5,58.5,Russia,643,Europe,0
83.5,18.5,India,356,Asia,10
83.5,19.5,India,356,Asia,10
83.5,20.5,India,356,Asia,10
83.5,21.5,India,356,Asia,10
83.5,22.5,India,356,Asia,10
83.5,23.5,India,356,Asia,9
83.5,24.5,India,356,Asia,10
83.5,25.5,India,356,Asia,10
83.5,26.5,India,356,Asia,10
83.5,27.5,Nepal,524,Asia,10
83.5,28.5,Nepal,524,Asia,9
83.5,29.5,China,156,Asia,0
83.5,36.5,China,156,Asia,0
83.5,37.5,China,156,Asia,0
83.5,40.5,China,156,Asia,2
83.5,41.5,China,156,Asia,10
83.5,42.5,China,156,Asia,2
83.5,43.5,China,156,Asia,9
83.5,44.5,China,156,Asia,1
83.5,45.5,China,156,Asia,2
83.5,46.5,China,156,Asia,10
83.5,47.5,Kazakhstan,398,Asia,8
83.5,48.5,Kazakhstan,398,Asia,1
83.5,49.5,Kazakhstan,398,Asia,0
83.5,50.5,Kazakhstan,398,Asia,0
83.5,51.5,Russia,643,Europe,1
83.5,52.5,Russia,643,Europe,1
83.5,53.5,Russia,643,Europe,1
83.5,54.5,Russia,643,Europe,1
83.5,55.5,Russia,643,Europe,0
83.5,56.5,Russia,643,Europe,0
83.5,57.5,Russia,643,Europe,0
84.5,19.5,India,356,Asia,10
84.5,20.5,India,356,Asia,10
84.5,21.5,India,356,Asia,10
84.5,22.5,India,356,Asia,8
84.5,23.5,India,356,Asia,9
84.5,24.5,India,356,Asia,10
84.5,25.5,India,356,Asia,10
84.5,26.5,India,356,Asia,10
84.5,27.5,Nepal,524,Asia,10
84.5,28.5,Nepal,524,Asia,8
84.5,29.5,China,156,Asia,0
84.5,41.5,China,156,Asia,9
84.5,42.5,China,156,Asia,3
84.5,43.5,China,156,Asia,2
84.5,44.5,China,156,Asia,10
84.5,45.5,China,156,Asia,9
84.5,46.5,China,156,Asia,3
84.5,47.5,Kazakhstan,398,Asia,7
84.5,48.5,Kazakhstan,398,Asia,1
84.5,49.5,Kazakhstan,398,Asia,3
84.5,51.5,Russia,643,Europe,0
84.5,52.5,Russia,643,Europe,0
84.5,53.5,Russia,643,Europe,0
84.5,54.5,Russia,643,Europe,0
84.5,55.5,Russia,643,Europe,0
84.5,56.5,Russia,643,Europe,0
85.5,20.5,India,356,Asia,10
85.5,21.5,India,356,Asia,9
85.5,22.5,India,356,Asia,5
85.5,23.5,India,356,Asia,10
85.5,24.5,India,356,Asia,10
85.5,25.5,India,356,Asia,10
85.5,26.5,India,356,Asia,10
85.5,27.5,Nepal,524,Asia,10
85.5,28.5,China,156,Asia,2
85.5,38.5,China,156,Asia,7
85.5,41.5,China,156,Asia,9
85.5,42.5,China,156,Asia,1
85.5,43.5,China,156,Asia,1
85.5,44.5,China,156,Asia,10
85.5,45.5,China,156,Asia,2
85.5,46.5,China,156,Asia,2
85.5,47.5,Kazakhstan,398,Asia,5
85.5,48.5,Kazakhstan,398,Asia,3
85.5,49.5,Kazakhstan,398,Asia,0
85.5,50.5,Russia,643,Europe,0
85.5,51.5,Russia,643,Europe,0
85.5,52.5,Russia,643,Europe,1
85.5,53.5,Russia,643,Europe,0
85.5,54.5,Russia,643,Europe,1
85.5,55.5,Russia,643,Europe,0
85.5,56.5,Russia,643,Europe,0
86.5,20.5,India,356,Asia,10
86.5,21.5,India,356,Asia,10
86.5,22.5,India,356,Asia,10
86.5,23.5,India,356,Asia,10
86.5,24.5,India,356,Asia,10
86.5,25.5,India,356,Asia,10
86.5,26.5,India,356,Asia,10
86.5,27.5,Nepal,524,Asia,9
86.5,28.5,China,156,Asia,0
86.5,37.5,China,156,Asia,0
86.5,38.5,China,156,Asia,0
86.5,40.5,China,156,Asia,0
86.5,41.5,China,156,Asia,10
86.5,42.5,China,156,Asia,10
86.5,43.5,China,156,Asia,7
86.5,44.5,China,156,Asia,10
86.5,45.5,China,156,Asia,3
86.5,46.5,China,156,Asia,4
86.5,47.5,China,156,Asia,7
86.5,48.5,China,156,Asia,9
86.5,52.5,Russia,643,Europe,0
86.5,53.5,Russia,643,Europe,0
86.5,54.5,Russia,643,Europe,1
86.5,55.5,Russia,643,Europe,0
86.5,56.5,Russia,643,Europe,0
86.5,57.5,Russia,643,Europe,0
87.5,22.5,India,356,Asia,10
87.5,23.5,India,356,Asia,10
87.5,24.5,India,356,Asia,10
87.5,25.5,India,356,Asia,10
87.5,26.5,Nepal,524,Asia,10
87.5,27.5,Nepal,524,Asia,9
87.5,29.5,China,156,Asia,4
87.5,38.5,China,156,Asia,0
87.5,40.5,China,156,Asia,8
87.5,41.5,China,156,Asia,0
87.5,42.5,China,156,Asia,3
87.5,43.5,China,156,Asia,10
87.5,44.5,China,156,Asia,10
87.5,46.5,China,156,Asia,6
87.5,47.5,China,156,Asia,10
87.5,48.5,China,156,Asia,3
87.5,49.5,Russia,643,Europe,1
87.5,50.5,Russia,643,Europe,0
87.5,53.5,Russia,643,Europe,0
87.5,54.5,Russia,643,Europe,0
87.5,55.5,Russia,643,Europe,0
87.5,56.5,Russia,643,Europe,0
88.5,22.5,India,356,Asia,10
88.5,23.5,India,356,Asia,10
88.5,24.5,Bangladesh,50,Asia,10
88.5,25.5,India,356,Asia,10
88.5,26.5,Bangladesh,50,Asia,10
88.5,27.5,India,356,Asia,7
88.5,28.5,China,156,Asia,1
88.5,29.5,China,156,Asia,6
88.5,39.5,China,156,Asia,0
88.5,42.5,China,156,Asia,9
88.5,43.5,China,156,Asia,7
88.5,44.5,China,156,Asia,9
88.5,46.5,China,156,Asia,1
88.5,47.5,China,156,Asia,8
88.5,48.5,Mongolia,496,Asia,1
88.5,49.5,Russia,643,Europe,1
88.5,50.5,Russia,643,Europe,0
88.5,55.5,Russia,643,Europe,0
88.5,56.5,Russia,643,Europe,0
89.5,22.5,Bangladesh,50,Asia,10
89.5,23.5,Bangladesh,50,Asia,10
89.5,24.5,Bangladesh,50,Asia,10
89.5,25.5,Bangladesh,50,Asia,10
89.5,26.5,India,356,Asia,10
89.5,27.5,Bhutan,64,Asia,3
89.5,28.5,China,156,Asia,5
89.5,29.5,China,156,Asia,6
89.5,42.5,China,156,Asia,9
89.5,43.5,China,156,Asia,10
89.5,44.5,China,156,Asia,7
89.5,46.5,China,156,Asia,3
89.5,47.5,China,156,Asia,3
89.5,48.5,Mongolia,496,Asia,1
89.5,49.5,Mongolia,496,Asia,0
89.5,50.5,Russia,643,Europe,0
89.5,51.5,Russia,643,Europe,0
89.5,52.5,Russia,643,Europe,0
89.5,54.5,Russia,643,Europe,0
89.5,55.5,Russia,643,Europe,0
89.5,56.5,Russia,643,Europe,0
89.5,57.5,Russia,643,Europe,0
90.5,22.5,Bangladesh,50,Asia,10
90.5,23.5,Bangladesh,50,Asia,10
90.5,24.5,Bangladesh,50,Asia,10
90.5,25.5,India,356,Asia,10
90.5,26.5,India,356,Asia,9
90.5,29.5,China,156,Asia,7
90.5,42.5,China,156,Asia,5
90.5,43.5,China,156,Asia,8
90.5,44.5,China,156,Asia,2
90.5,45.5,China,156,Asia,0
90.5,46.5,China,156,Asia,7
90.5,48.5,Mongolia,496,Asia,0
90.5,49.5,Mongolia,496,Asia,1
90.5,50.5,Russia,643,Europe,0
90.5,51.5,Russia,643,Europe,0
90.5,52.5,Russia,643,Europe,0
90.5,53.5,Russia,643,Europe,0
90.5,54.5,Russia,643,Europe,1
90.5,55.5,Russia,643,Europe,0
90.5,56.5,Russia,643,Europe,0
90.5,60.5,Russia,643,Europe,0
91.5,22.5,Bangladesh,50,Asia,10
91.5,23.5,India,356,Asia,10
91.5,24.5,Bangladesh,50,Asia,10
91.5,25.5,India,356,Asia,10
91.5,26.5,India,356,Asia,9
91.5,27.5,Bhutan,64,Asia,1
91.5,28.5,China,156,Asia,0
91.5,29.5,China,156,Asia,7
91.5,30.5,China,156,Asia,1
91.5,45.5,Mongolia,496,Asia,0
91.5,46.5,Mongolia,496,Asia,1
91.5,48.5,Mongolia,496,Asia,1
91.5,49.5,Mongolia,496,Asia,0
91.5,50.5,Mongolia,496,Asia,1
91.5,51.5,Russia,643,Europe,0
91.5,52.5,Russia,643,Europe,0
91.5,53.5,Russia,643,Europe,1
91.5,54.5,Russia,643,Europe,0
91.5,55.5,Russia,643,Europe,0
91.5,56.5,Russia,643,Europe,0
92.5,21.5,Bangladesh,50,Asia,9
92.5,22.5,Bangladesh,50,Asia,9
92.5,23.5,India,356,Asia,3
92.5,24.5,India,356,Asia,10
92.5,25.5,India,356,Asia,9
92.5,26.5,India,356,Asia,10
92.5,28.5,China,156,Asia,2
92.5,29.5,China,156,Asia,0
92.5,30.5,China,156,Asia,0
92.5,35.5,China,156,Asia,0
92.5,37.5,China,156,Asia,0
92.5,42.5,China,156,Asia,0
92.5,43.5,China,156,Asia,4
92.5,47.5,Mongolia,496,Asia,1
92.5,48.5,Mongolia,496,Asia,0
92.5,49.5,Mongolia,496,Asia,0
92.5,50.5,Mongolia,496,Asia,2
92.5,51.5,Russia,643,Europe,0
92.5,53.5,Russia,643,Europe,0
92.5,54.5,Russia,643,Europe,0
92.5,55.5,Russia,643,Europe,0
92.5,56.5,Russia,643,Europe,0
92.5,57.5,Russia,643,Europe,0
92.5,58.5,Russia,643,Europe,0
93.5,20.5,Myanmar (Burma),104,Asia,5
93.5,21.5,Myanmar (Burma),104,Asia,0
93.5,22.5,Myanmar (Burma),104,Asia,0
93.5,23.5,Myanmar (Burma),104,Asia,0
93.5,24.5,India,356,Asia,10
93.5,25.5,India,356,Asia,9
93.5,26.5,India,356,Asia,8
93.5,27.5,India,356,Asia,6
93.5,28.5,India,356,Asia,0
93.5,29.5,China,156,Asia,0
93.5,31.5,China,156,Asia,0
93.5,40.5,China,156,Asia,0
93.5,42.5,China,156,Asia,8
93.5,43.5,China,156,Asia,7
93.5,44.5,China,156,Asia,0
93.5,46.5,Mongolia,496,Asia,0
93.5,49.5,Mongolia,496,Asia,0
93.5,50.5,Mongolia,496,Asia,0
93.5,51.5,Russia,643,Europe,0
93.5,52.5,Russia,643,Europe,0
93.5,53.5,Russia,643,Europe,0
93.5,55.5,Russia,643,Europe,0
93.5,56.5,Russia,643,Europe,0
93.5,57.5,Russia,643,Europe,0
93.5,58.5,Russia,643,Europe,0
94.5,16.5,Myanmar (Burma),104,Asia,10
94.5,18.5,Myanmar (Burma),104,Asia,1
94.5,19.5,Myanmar (Burma),104,Asia,2
94.5,20.5,Myanmar (Burma),104,Asia,10
94.5,21.5,Myanmar (Burma),104,Asia,9
94.5,22.5,Myanmar (Burma),104,Asia,10
94.5,23.5,Myanmar (Burma),104,Asia,4
94.5,24.5,Myanmar (Burma),104,Asia,8
94.5,25.5,India,356,Asia,7
94.5,26.5,India,356,Asia,9
94.5,27.5,India,356,Asia,6
94.5,29.5,China,156,Asia,3
94.5,36.5,China,156,Asia,0
94.5,39.5,China,156,Asia,0
94.5,40.5,China,156,Asia,10
94.5,42.5,China,156,Asia,0
94.5,43.5,China,156,Asia,0
94.5,48.5,Mongolia,496,Asia,0
94.5,49.5,Mongolia,496,Asia,1
94.5,50.5,Russia,643,Europe,0
94.5,51.5,Russia,643,Europe,1
94.5,52.5,Russia,643,Europe,0
94.5,55.5,Russia,643,Europe,0
94.5,56.5,Russia,643,Europe,0
94.5,57.5,Russia,643,Europe,0
95.5,5.5,Indonesia,360,Asia,8
95.5,16.5,Myanmar (Burma),104,Asia,10
95.5,17.5,Myanmar (Burma),104,Asia,10
95.5,18.5,Myanmar (Burma),104,Asia,10
95.5,19.5,Myanmar (Burma),104,Asia,9
95.5,20.5,Myanmar (Burma),104,Asia,10
95.5,21.5,Myanmar (Burma),104,Asia,10
95.5,22.5,Myanmar (Burma),104,Asia,10
95.5,23.5,Myanmar (Burma),104,Asia,10
95.5,24.5,Myanmar (Burma),104,Asia,2
95.5,25.5,Myanmar (Burma),104,Asia,0
95.5,26.5,Myanmar (Burma),104,Asia,1
95.5,27.5,India,356,Asia,9
95.5,28.5,India,356,Asia,4
95.5,30.5,China,156,Asia,2
95.5,31.5,China,156,Asia,4
95.5,32.5,China,156,Asia,0
95.5,36.5,China,156,Asia,0
95.5,40.5,China,156,Asia,6
95.5,43.5,China,156,Asia,0
95.5,46.5,Mongolia,496,Asia,0
95.5,49.5,Mongolia,496,Asia,1
95.5,50.5,Russia,643,Europe,0
95.5,51.5,Russia,643,Europe,0
95.5,55.5,Russia,643,Europe,0
95.5,56.5,Russia,643,Europe,0
96.5,4.5,Indonesia,360,Asia,5
96.5,17.5,Myanmar (Burma),104,Asia,9
96.5,18.5,Myanmar (Burma),104,Asia,9
96.5,19.5,Myanmar (Burma),104,Asia,10
96.5,20.5,Myanmar (Burma),104,Asia,10
96.5,21.5,Myanmar (Burma),104,Asia,10
96.5,22.5,Myanmar (Burma),104,Asia,10
96.5,23.5,Myanmar (Burma),104,Asia,10
96.5,24.5,Myanmar (Burma),104,Asia,3
96.5,25.5,Myanmar (Burma),104,Asia,2
96.5,26.5,Myanmar (Burma),104,Asia,0
96.5,27.5,India,356,Asia,2
96.5,28.5,China,156,Asia,0
96.5,29.5,China,156,Asia,0
96.5,30.5,China,156,Asia,0
96.5,31.5,China,156,Asia,0
96.5,32.5,China,156,Asia,0
96.5,33.5,China,156,Asia,0
96.5,36.5,China,156,Asia,0
96.5,37.5,China,156,Asia,0
96.5,39.5,China,156,Asia,0
96.5,40.5,China,156,Asia,7
96.5,47.5,Mongolia,496,Asia,0
96.5,48.5,Mongolia,496,Asia,0
96.5,49.5,Mongolia,496,Asia,0
96.5,50.5,Russia,643,Europe,0
96.5,56.5,Russia,643,Europe,0
97.5,3.5,Indonesia,360,Asia,7
97.5,4.5,Indonesia,360,Asia,8
97.5,17.5,Myanmar (Burma),104,Asia,6
97.5,18.5,Myanmar (Burma),104,Asia,3
97.5,19.5,Myanmar (Burma),104,Asia,7
97.5,20.5,Myanmar (Burma),104,Asia,4
97.5,21.5,Myanmar (Burma),104,Asia,0
97.5,22.5,Myanmar (Burma),104,Asia,0
97.5,23.5,Myanmar (Burma),104,Asia,6
97.5,24.5,Myanmar (Burma),104,Asia,10
97.5,25.5,Myanmar (Burma),104,Asia,1
97.5,27.5,Myanmar (Burma),104,Asia,0
97.5,28.5,China,156,Asia,0
97.5,29.5,China,156,Asia,0
97.5,30.5,China,156,Asia,0
97.5,32.5,China,156,Asia,0
97.5,33.5,China,156,Asia,0
97.5,35.5,China,156,Asia,0
97.5,36.5,China,156,Asia,5
97.5,37.5,China,156,Asia,5
97.5,39.5,China,156,Asia,2
97.5,40.5,China,156,Asia,4
97.5,47.5,Mongolia,496,Asia,0
97.5,48.5,Mongolia,496,Asia,0
97.5,49.5,Mongolia,496,Asia,0
97.5,50.5,Russia,643,Europe,0
97.5,55.5,Russia,643,Europe,0
97.5,56.5,Russia,643,Europe,0
97.5,58.5,Russia,643,Europe,0
98.5,2.5,Indonesia,360,Asia,5
98.5,3.5,Indonesia,360,Asia,9
98.5,8.5,Thailand,764,Asia,6
98.5,9.5,Thailand,764,Asia,2
98.5,10.5,Myanmar (Burma),104,Asia,0
98.5,13.5,Myanmar (Burma),104,Asia,1
98.5,14.5,Thailand,764,Asia,3
98.5,15.5,Myanmar (Burma),104,Asia,1
98.5,16.5,Myanmar (Burma),104,Asia,8
98.5,17.5,Thailand,764,Asia,6
98.5,18.5,Thailand,764,Asia,9
98.5,19.5,Thailand,764,Asia,8
98.5,20.5,Myanmar (Burma),104,Asia,0
98.5,21.5,Myanmar (Burma),104,Asia,1
98.5,22.5,Myanmar (Burma),104,Asia,0
98.5,23.5,Myanmar (Burma),104,Asia,2
98.5,24.5,China,156,Asia,10
98.5,25.5,China,156,Asia,10
98.5,26.5,Myanmar (Burma),104,Asia,0
98.5,27.5,Myanmar (Burma),104,Asia,0
98.5,28.5,China,156,Asia,0
98.5,29.5,China,156,Asia,0
98.5,30.5,China,156,Asia,0
98.5,31.5,China,156,Asia,0
98.5,32.5,China,156,Asia,0
98.5,36.5,China,156,Asia,4
98.5,37.5,China,156,Asia,0
98.5,38.5,China,156,Asia,0
98.5,39.5,China,156,Asia,10
98.5,40.5,China,156,Asia,9
98.5,47.5,Mongolia,496,Asia,0
98.5,48.5,Mongolia,496,Asia,0
98.5,49.5,Mongolia,496,Asia,0
98.5,50.5,Mongolia,496,Asia,0
98.5,55.5,Russia,643,Europe,0
99.5,0.5,Indonesia,360,Asia,7
99.5,1.5,Indonesia,360,Asia,9
99.5,2.5,Indonesia,360,Asia,9
99.5,7.5,Thailand,764,Asia,9
99.5,8.5,Thailand,764,Asia,9
99.5,11.5,Thailand,764,Asia,5
99.5,12.5,Thailand,764,Asia,10
99.5,13.5,Thailand,764,Asia,10
99.5,14.5,Thailand,764,Asia,10
99.5,15.5,Thailand,764,Asia,10
99.5,16.5,Thailand,764,Asia,10
99.5,17.5,Thailand,764,Asia,9
99.5,18.5,Thailand,764,Asia,9
99.5,19.5,Thailand,764,Asia,10
99.5,20.5,Myanmar (Burma),104,Asia,9
99.5,21.5,Myanmar (Burma),104,Asia,2
99.5,22.5,China,156,Asia,7
99.5,23.5,China,156,Asia,9
99.5,24.5,China,156,Asia,9
99.5,25.5,China,156,Asia,8
99.5,26.5,China,156,Asia,9
99.5,27.5,China,156,Asia,6
99.5,28.5,China,156,Asia,0
99.5,29.5,China,156,Asia,0
99.5,30.5,China,156,Asia,0
99.5,31.5,China,156,Asia,0
99.5,32.5,China,156,Asia,0
99.5,35.5,China,156,Asia,0
99.5,36.5,China,156,Asia,3
99.5,37.5,China,156,Asia,1
99.5,38.5,China,156,Asia,0
99.5,39.5,China,156,Asia,10
99.5,40.5,China,156,Asia,4
99.5,47.5,Mongolia,496,Asia,1
99.5,48.5,Mongolia,496,Asia,1
99.5,49.5,Mongolia,496,Asia,1
99.5,50.5,Mongolia,496,Asia,1
99.5,51.5,Mongolia,496,Asia,1
99.5,54.5,Russia,643,Europe,0
100.5,-0.5,Indonesia,360,Asia,9
100.5,0.5,Indonesia,360,Asia,8
100.5,1.5,Indonesia,360,Asia,7
100.5,5.5,Malaysia,458,Asia,8
100.5,6.5,Thailand,764,Asia,10
100.5,14.5,Thailand,764,Asia,10
100.5,15.5,Thailand,764,Asia,10
100.5,16.5,Thailand,764,Asia,10
100.5,17.5,Thailand,764,Asia,10
100.5,18.5,Thailand,764,Asia,9
100.5,19.5,Thailand,764,Asia,9
100.5,20.5,Laos,418,Asia,8
100.5,21.5,China,156,Asia,9
100.5,22.5,China,156,Asia,9
100.5,23.5,China,156,Asia,9
100.5,24.5,China,156,Asia,9
100.5,25.5,China,156,Asia,10
100.5,26.5,China,156,Asia,9
100.5,27.5,China,156,Asia,4
100.5,28.5,China,156,Asia,0
100.5,29.5,China,156,Asia,0
100.5,30.5,China,156,Asia,0
100.5,31.5,China,156,Asia,0
100.5,32.5,China,156,Asia,0
100.5,34.5,China,156,Asia,0
100.5,35.5,China,156,Asia,5
100.5,36.5,China,156,Asia,6
100.5,37.5,China,156,Asia,0
100.5,38.5,China,156,Asia,10
100.5,39.5,China,156,Asia,10
100.5,40.5,China,156,Asia,0
100.5,41.5,China,156,Asia,0
100.5,46.5,Mongolia,496,Asia,0
100.5,47.5,Mongolia,496,Asia,1
100.5,48.5,Mongolia,496,Asia,1
100.5,49.5,Mongolia,496,Asia,1
100.5,50.5,Mongolia,496,Asia,0
100.5,51.5,Mongolia,496,Asia,0
100.5,54.5,Russia,643,Europe,0
100.5,55.5,Russia,643,Europe,0
101.5,-2.5,Indonesia,360,Asia,8
101.5,-1.5,Indonesia,360,Asia,7
101.5,-0.5,Indonesia,360,Asia,7
101.5,0.5,Indonesia,360,Asia,5
101.5,1.5,Indonesia,360,Asia,2
101.5,3.5,Malaysia,458,Asia,8
101.5,4.5,Malaysia,458,Asia,1
101.5,5.5,Malaysia,458,Asia,4
101.5,6.5,Thailand,764,Asia,10
101.5,13.5,Thailand,764,Asia,10
101.5,14.5,Thailand,764,Asia,9
101.5,15.5,Thailand,764,Asia,9
101.5,16.5,Thailand,764,Asia,9
101.5,17.5,Thailand,764,Asia,8
101.5,18.5,Laos,418,Asia,5
101.5,19.5,Laos,418,Asia,0
101.5,20.5,Laos,418,Asia,1
101.5,21.5,China,156,Asia,7
101.5,22.5,China,156,Asia,7
101.5,23.5,China,156,Asia,8
101.5,24.5,China,156,Asia,9
101.5,25.5,China,156,Asia,10
101.5,26.5,China,156,Asia,9
101.5,27.5,China,156,Asia,10
101.5,28.5,China,156,Asia,0
101.5,29.5,China,156,Asia,0
101.5,30.5,China,156,Asia,0
101.5,31.5,China,156,Asia,0
101.5,32.5,China,156,Asia,0
101.5,33.5,China,156,Asia,0
101.5,35.5,China,156,Asia,5
101.5,36.5,China,156,Asia,9
101.5,37.5,China,156,Asia,4
101.5,38.5,China,156,Asia,9
101.5,42.5,China,156,Asia,0
101.5,46.5,Mongolia,496,Asia,0
101.5,47.5,Mongolia,496,Asia,0
101.5,48.5,Mongolia,496,Asia,0
101.5,49.5,Mongolia,496,Asia,0
101.5,50.5,Mongolia,496,Asia,0
101.5,51.5,Russia,643,Europe,0
101.5,54.5,Russia,643,Europe,0
101.5,55.5,Russia,643,Europe,0
102.5,-3.5,Indonesia,360,Asia,9
102.5,-2.5,Indonesia,360,Asia,6
102.5,-1.5,Indonesia,360,Asia,4
102.5,-0.5,Indonesia,360,Asia,2
102.5,0.5,Indonesia,360,Asia,1
102.5,2.5,Malaysia,458,Asia,6
102.5,3.5,Malaysia,458,Asia,4
102.5,4.5,Malaysia,458,Asia,1
102.5,5.5,Malaysia,458,Asia,8
102.5,12.5,Thailand,764,Asia,7
102.5,13.5,Cambodia,116,Asia,10
102.5,14.5,Thailand,764,Asia,10
102.5,15.5,Thailand,764,Asia,10
102.5,16.5,Thailand,764,Asia,10
102.5,17.5,Thailand,764,Asia,9
102.5,18.5,Laos,418,Asia,8
102.5,19.5,Laos,418,Asia,2
102.5,20.5,Laos,418,Asia,0
102.5,21.5,Laos,418,Asia,0
102.5,22.5,Vietnam,704,Asia,9
102.5,23.5,China,156,Asia,10
102.5,24.5,China,156,Asia,10
102.5,25.5,China,156,Asia,10
102.5,26.5,China,156,Asia,9
102.5,27.5,China,156,Asia,10
102.5,28.5,China,156,Asia,10
102.5,29.5,China,156,Asia,8
102.5,30.5,China,156,Asia,5
102.5,31.5,China,156,Asia,0
102.5,32.5,China,156,Asia,0
102.5,33.5,China,156,Asia,0
102.5,34.5,China,156,Asia,0
102.5,35.5,China,156,Asia,9
102.5,36.5,China,156,Asia,9
102.5,37.5,China,156,Asia,10
102.5,38.5,China,156,Asia,10
102.5,46.5,Mongolia,496,Asia,0
102.5,47.5,Mongolia,496,Asia,0
102.5,48.5,Mongolia,496,Asia,0
102.5,49.5,Mongolia,496,Asia,2
102.5,50.5,Mongolia,496,Asia,0
102.5,51.5,Russia,643,Europe,1
102.5,52.5,Russia,643,Europe,0
102.5,53.5,Russia,643,Europe,0
102.5,54.5,Russia,643,Europe,0
103.5,-4.5,Indonesia,360,Asia,6
103.5,-3.5,Indonesia,360,Asia,7
103.5,-2.5,Indonesia,360,Asia,7
103.5,-1.5,Indonesia,360,Asia,7
103.5,1.5,Malaysia,458,Asia,0
103.5,2.5,Malaysia,458,Asia,2
103.5,11.5,Cambodia,116,Asia,0
103.5,12.5,Cambodia,116,Asia,8
103.5,13.5,Cambodia,116,Asia,9
103.5,14.5,Thailand,764,Asia,9
103.5,15.5,Thailand,764,Asia,10
103.5,16.5,Thailand,764,Asia,10
103.5,17.5,Thailand,764,Asia,10
103.5,18.5,Laos,418,Asia,10
103.5,19.5,Laos,418,Asia,2
103.5,20.5,Laos,418,Asia,1
103.5,21.5,Vietnam,704,Asia,8
103.5,22.5,Vietnam,704,Asia,8
103.5,23.5,China,156,Asia,10
103.5,24.5,China,156,Asia,10
103.5,25.5,China,156,Asia,10
103.5,26.5,China,156,Asia,7
103.5,27.5,China,156,Asia,8
103.5,28.5,China,156,Asia,7
103.5,29.5,China,156,Asia,10
103.5,30.5,China,156,Asia,10
103.5,31.5,China,156,Asia,8
103.5,32.5,China,156,Asia,0
103.5,33.5,China,156,Asia,0
103.5,34.5,China,156,Asia,0
103.5,35.5,China,156,Asia,9
103.5,36.5,China,156,Asia,8
103.5,37.5,China,156,Asia,8
103.5,38.5,China,156,Asia,10
103.5,39.5,China,156,Asia,0
103.5,46.5,Mongolia,496,Asia,0
103.5,47.5,Mongolia,496,Asia,0
103.5,48.5,Mongolia,496,Asia,0
103.5,49.5,Mongolia,496,Asia,1
103.5,50.5,Russia,643,Europe,2
103.5,51.5,Russia,643,Europe,0
103.5,52.5,Russia,643,Europe,0
103.5,53.5,Russia,643,Europe,0
103.5,54.5,Russia,643,Europe,0
104.5,-5.5,Indonesia,360,Asia,9
104.5,-4.5,Indonesia,360,Asia,9
104.5,-3.5,Indonesia,360,Asia,8
104.5,-2.5,Indonesia,360,Asia,9
104.5,-0.5,Indonesia,360,Asia,0
104.5,10.5,Cambodia,116,Asia,10
104.5,11.5,Cambodia,116,Asia,9
104.5,12.5,Cambodia,116,Asia,8
104.5,13.5,Cambodia,116,Asia,5
104.5,14.5,Thailand,764,Asia,8
104.5,15.5,Thailand,764,Asia,10
104.5,16.5,Thailand,764,Asia,10
104.5,17.5,Thailand,764,Asia,9
104.5,18.5,Laos,418,Asia,6
104.5,19.5,Vietnam,704,Asia,6
104.5,20.5,Vietnam,704,Asia,8
104.5,21.5,Vietnam,704,Asia,10
104.5,22.5,Vietnam,704,Asia,10
104.5,23.5,China,156,Asia,10
104.5,24.5,China,156,Asia,8
104.5,25.5,China,156,Asia,8
104.5,26.5,China,156,Asia,7
104.5,27.5,China,156,Asia,7
104.5,28.5,China,156,Asia,10
104.5,29.5,China,156,Asia,10
104.5,30.5,China,156,Asia,10
104.5,31.5,China,156,Asia,10
104.5,32.5,China,156,Asia,1
104.5,33.5,China,156,Asia,3
104.5,34.5,China,156,Asia,5
104.5,35.5,China,156,Asia,9
104.5,36.5,China,156,Asia,9
104.5,37.5,China,156,Asia,6
104.5,47.5,Mongolia,496,Asia,0
104.5,48.5,Mongolia,496,Asia,0
104.5,49.5,Mongolia,496,Asia,0
104.5,50.5,Russia,643,Europe,0
104.5,51.5,Russia,643,Europe,0
104.5,52.5,Russia,643,Europe,0
104.5,53.5,Russia,643,Europe,0
105.5,-5.5,Indonesia,360,Asia,10
105.5,-4.5,Indonesia,360,Asia,10
105.5,-3.5,Indonesia,360,Asia,6
105.5,-2.5,Indonesia,360,Asia,8
105.5,9.5,Vietnam,704,Asia,10
105.5,10.5,Vietnam,704,Asia,10
105.5,11.5,Cambodia,116,Asia,10
105.5,12.5,Cambodia,116,Asia,9
105.5,13.5,Cambodia,116,Asia,0
105.5,14.5,Laos,418,Asia,10
105.5,15.5,Thailand,764,Asia,10
105.5,16.5,Laos,418,Asia,10
105.5,17.5,Laos,418,Asia,5
105.5,18.5,Vietnam,704,Asia,10
105.5,19.5,Vietnam,704,Asia,10
105.5,20.5,Vietnam,704,Asia,10
105.5,21.5,Vietnam,704,Asia,10
105.5,22.5,Vietnam,704,Asia,10
105.5,23.5,China,156,Asia,8
105.5,24.5,China,156,Asia,9
105.5,25.5,China,156,Asia,10
105.5,26.5,China,156,Asia,10
105.5,27.5,China,156,Asia,10
105.5,28.5,China,156,Asia,10
105.5,29.5,China,156,Asia,10
105.5,30.5,China,156,Asia,10
105.5,31.5,China,156,Asia,10
105.5,32.5,China,156,Asia,10
105.5,33.5,China,156,Asia,7
105.5,34.5,China,156,Asia,10
105.5,35.5,China,156,Asia,9
105.5,36.5,China,156,Asia,9
105.5,37.5,China,156,Asia,10
105.5,38.5,China,156,Asia,7
105.5,39.5,China,156,Asia,0
105.5,47.5,Mongolia,496,Asia,0
105.5,48.5,Mongolia,496,Asia,1
105.5,49.5,Mongolia,496,Asia,0
105.5,50.5,Russia,643,Europe,2
105.5,52.5,Russia,643,Europe,0
105.5,53.5,Russia,643,Europe,0
105.5,54.5,Russia,643,Europe,0
106.5,-6.5,Indonesia,360,Asia,10
106.5,-2.5,Indonesia,360,Asia,3
106.5,10.5,Vietnam,704,Asia,10
106.5,11.5,Vietnam,704,Asia,10
106.5,12.5,Cambodia,116,Asia,0
106.5,13.5,Cambodia,116,Asia,0
106.5,14.5,Cambodia,116,Asia,0
106.5,15.5,Laos,418,Asia,4
106.5,16.5,Laos,418,Asia,4
106.5,17.5,Vietnam,704,Asia,9
106.5,20.5,Vietnam,704,Asia,10
106.5,21.5,Vietnam,704,Asia,10
106.5,22.5,Vietnam,704,Asia,10
106.5,23.5,China,156,Asia,10
106.5,24.5,China,156,Asia,9
106.5,25.5,China,156,Asia,10
106.5,26.5,China,156,Asia,10
106.5,27.5,China,156,Asia,10
106.5,28.5,China,156,Asia,10
106.5,29.5,China,156,Asia,10
106.5,30.5,China,156,Asia,10
106.5,31.5,China,156,Asia,10
106.5,32.5,China,156,Asia,10
106.5,33.5,China,156,Asia,10
106.5,34.5,China,156,Asia,10
106.5,35.5,China,156,Asia,9
106.5,36.5,China,156,Asia,9
106.5,37.5,China,156,Asia,10
106.5,38.5,China,156,Asia,10
106.5,39.5,China,156,Asia,10
106.5,40.5,China,156,Asia,10
106.5,41.5,China,156,Asia,0
106.5,47.5,Mongolia,496,Asia,1
106.5,48.5,Mongolia,496,Asia,2
106.5,49.5,Mongolia,496,Asia,1
106.5,50.5,Russia,643,Europe,1
106.5,51.5,Russia,643,Europe,0
106.5,52.5,Russia,643,Europe,0
106.5,53.5,Russia,643,Europe,0
106.5,54.5,Russia,643,Europe,0
107.5,-7.5,Indonesia,360,Asia,10
107.5,-6.5,Indonesia,360,Asia,10
107.5,11.5,Vietnam,704,Asia,9
107.5,12.5,Cambodia,116,Asia,4
107.5,13.5,Cambodia,116,Asia,6
107.5,14.5,Vietnam,704,Asia,8
107.5,15.5,Vietnam,704,Asia,0
107.5,16.5,Vietnam,704,Asia,10
107.5,21.5,Vietnam,704,Asia,10
107.5,22.5,China,156,Asia,10
107.5,23.5,China,156,Asia,10
107.5,24.5,China,156,Asia,9
107.5,25.5,China,156,Asia,10
107.5,26.5,China,156,Asia,10
107.5,27.5,China,156,Asia,10
107.5,28.5,China,156,Asia,10
107.5,29.5,China,156,Asia,10
107.5,30.5,China,156,Asia,10
107.5,31.5,China,156,Asia,10
107.5,32.5,China,156,Asia,9
107.5,33.5,China,156,Asia,10
107.5,34.5,China,156,Asia,10
107.5,35.5,China,156,Asia,10
107.5,36.5,China,156,Asia,6
107.5,37.5,China,156,Asia,0
107.5,38.5,China,156,Asia,0
107.5,39.5,China,156,Asia,3
107.5,40.5,China,156,Asia,10
107.5,41.5,China,156,Asia,10
107.5,47.5,Mongolia,496,Asia,0
107.5,48.5,Mongolia,496,Asia,0
107.5,49.5,Mongolia,496,Asia,0
107.5,50.5,Russia,643,Europe,1
107.5,51.5,Russia,643,Europe,2
107.5,52.5,Russia,643,Europe,0
108.5,-7.5,Indonesia,360,Asia,10
108.5,-6.5,Indonesia,360,Asia,10
108.5,11.5,Vietnam,704,Asia,10
108.5,12.5,Vietnam,704,Asia,9
108.5,13.5,Vietnam,704,Asia,8
108.5,14.5,Vietnam,704,Asia,9
108.5,15.5,Vietnam,704,Asia,10
108.5,22.5,China,156,Asia,10
108.5,23.5,China,156,Asia,10
108.5,24.5,China,156,Asia,10
108.5,25.5,China,156,Asia,9
108.5,26.5,China,156,Asia,10
108.5,27.5,China,156,Asia,10
108.5,28.5,China,156,Asia,10
108.5,29.5,China,156,Asia,10
108.5,30.5,China,156,Asia,10
108.5,31.5,China,156,Asia,10
108.5,32.5,China,156,Asia,10
108.5,33.5,China,156,Asia,6
108.5,34.5,China,156,Asia,10
108.5,35.5,China,156,Asia,9
108.5,36.5,China,156,Asia,5
108.5,37.5,China,156,Asia,7
108.5,38.5,China,156,Asia,1
108.5,39.5,China,156,Asia,0
108.5,40.5,China,156,Asia,10
108.5,41.5,China,156,Asia,10
108.5,47.5,Mongolia,496,Asia,0
108.5,48.5,Mongolia,496,Asia,0
108.5,49.5,Russia,643,Europe,0
108.5,50.5,Russia,643,Europe,0
108.5,51.5,Russia,643,Europe,1
109.5,-7.5,Indonesia,360,Asia,10
109.5,-0.5,Indonesia,360,Asia,1
109.5,0.5,Indonesia,360,Asia,5
109.5,1.5,Indonesia,360,Asia,1
109.5,18.5,China,156,Asia,9
109.5,19.5,China,156,Asia,10
109.5,22.5,China,156,Asia,10
109.5,23.5,China,156,Asia,10
109.5,24.5,China,156,Asia,10
109.5,25.5,China,156,Asia,10
109.5,26.5,China,156,Asia,10
109.5,27.5,China,156,Asia,10
109.5,28.5,China,156,Asia,10
109.5,29.5,China,156,Asia,10
109.5,30.5,China,156,Asia,9
109.5,31.5,China,156,Asia,8
109.5,32.5,China,156,Asia,10
109.5,33.5,China,156,Asia,8
109.5,34.5,China,156,Asia,10
109.5,35.5,China,156,Asia,10
109.5,36.5,China,156,Asia,9
109.5,37.5,China,156,Asia,7
109.5,38.5,China,156,Asia,7
109.5,39.5,China,156,Asia,4
109.5,40.5,China,156,Asia,10
109.5,41.5,China,156,Asia,3
109.5,46.5,Mongolia,496,Asia,0
109.5,47.5,Mongolia,496,Asia,0
109.5,48.5,Mongolia,496,Asia,0
109.5,49.5,Russia,643,Europe,0
109.5,53.5,Russia,643,Europe,0
110.5,-7.5,Indonesia,360,Asia,10
110.5,-2.5,Indonesia,360,Asia,2
110.5,-1.5,Indonesia,360,Asia,1
110.5,-0.5,Indonesia,360,Asia,1
110.5,0.5,Indonesia,360,Asia,5
110.5,1.5,Malaysia,458,Asia,1
110.5,19.5,China,156,Asia,10
110.5,20.5,China,156,Asia,10
110.5,21.5,China,156,Asia,10
110.5,22.5,China,156,Asia,10
110.5,23.5,China,156,Asia,10
110.5,24.5,China,156,Asia,10
110.5,25.5,China,156,Asia,10
110.5,26.5,China,156,Asia,10
110.5,27.5,China,156,Asia,10
110.5,28.5,China,156,Asia,9
110.5,29.5,China,156,Asia,10
110.5,30.5,China,156,Asia,4
110.5,31.5,China,156,Asia,3
110.5,32.5,China,156,Asia,9
110.5,33.5,China,156,Asia,9
110.5,34.5,China,156,Asia,10
110.5,35.5,China,156,Asia,10
110.5,36.5,China,156,Asia,7
110.5,37.5,China,156,Asia,8
110.5,38.5,China,156,Asia,7
110.5,39.5,China,156,Asia,2
110.5,40.5,China,156,Asia,10
110.5,41.5,China,156,Asia,5
110.5,47.5,Mongolia,496,Asia,1
110.5,48.5,Mongolia,496,Asia,0
110.5,49.5,Russia,643,Europe,0
110.5,52.5,Russia,643,Europe,1
110.5,53.5,Russia,643,Europe,0
110.5,54.5,Russia,643,Europe,0
111.5,-7.5,Indonesia,360,Asia,10
111.5,-2.5,Indonesia,360,Asia,2
111.5,-1.5,Indonesia,360,Asia,0
111.5,-0.5,Indonesia,360,Asia,2
111.5,0.5,Indonesia,360,Asia,2
111.5,1.5,Malaysia,458,Asia,0
111.5,2.5,Malaysia,458,Asia,0
111.5,22.5,China,156,Asia,10
111.5,23.5,China,156,Asia,10
111.5,24.5,China,156,Asia,10
111.5,25.5,China,156,Asia,10
111.5,26.5,China,156,Asia,10
111.5,27.5,China,156,Asia,10
111.5,28.5,China,156,Asia,10
111.5,29.5,China,156,Asia,10
111.5,30.5,China,156,Asia,10
111.5,31.5,China,156,Asia,10
111.5,32.5,China,156,Asia,10
111.5,33.5,China,156,Asia,10
111.5,34.5,China,156,Asia,10
111.5,35.5,China,156,Asia,10
111.5,36.5,China,156,Asia,10
111.5,37.5,China,156,Asia,10
111.5,38.5,China,156,Asia,9
111.5,39.5,China,156,Asia,5
111.5,40.5,China,156,Asia,10
111.5,41.5,China,156,Asia,6
111.5,42.5,China,156,Asia,0
111.5,47.5,Mongolia,496,Asia,0
111.5,48.5,Mongolia,496,Asia,1
111.5,49.5,Russia,643,Europe,0
112.5,-7.5,Indonesia,360,Asia,10
112.5,-2.5,Indonesia,360,Asia,0
112.5,-0.5,Indonesia,360,Asia,0
112.5,0.5,Indonesia,360,Asia,0
112.5,1.5,Indonesia,360,Asia,0
112.5,2.5,Malaysia,458,Asia,0
112.5,22.5,China,156,Asia,10
112.5,23.5,China,156,Asia,10
112.5,24.5,China,156,Asia,10
112.5,25.5,China,156,Asia,10
112.5,26.5,China,156,Asia,10
112.5,27.5,China,156,Asia,10
112.5,28.5,China,156,Asia,10
112.5,29.5,China,156,Asia,10
112.5,30.5,China,156,Asia,10
112.5,31.5,China,156,Asia,10
112.5,32.5,China,156,Asia,10
112.5,33.5,China,156,Asia,10
112.5,34.5,China,156,Asia,10
112.5,35.5,China,156,Asia,10
112.5,36.5,China,156,Asia,10
112.5,37.5,China,156,Asia,10
112.5,38.5,China,156,Asia,10
112.5,39.5,China,156,Asia,10
112.5,40.5,China,156,Asia,7
112.5,41.5,China,156,Asia,7
112.5,42.5,China,156,Asia,0
112.5,47.5,Mongolia,496,Asia,0
112.5,48.5,Mongolia,496,Asia,0
112.5,49.5,Mongolia,496,Asia,2
112.5,51.5,Russia,643,Europe,0
112.5,52.5,Russia,643,Europe,0
113.5,-2.5,Indonesia,360,Asia,0
113.5,-1.5,Indonesia,360,Asia,0
113.5,-0.5,Indonesia,360,Asia,0
113.5,0.5,Indonesia,360,Asia,0
113.5,1.5,Malaysia,458,Asia,0
113.5,2.5,Malaysia,458,Asia,0
113.5,3.5,Malaysia,458,Asia,0
113.5,22.5,China,156,Asia,10
113.5,23.5,China,156,Asia,10
113.5,24.5,China,156,Asia,10
113.5,25.5,China,156,Asia,10
113.5,26.5,China,156,Asia,10
113.5,27.5,China,156,Asia,10
113.5,28.5,China,156,Asia,10
113.5,29.5,China,156,Asia,10
113.5,30.5,China,156,Asia,10
113.5,31.5,China,156,Asia,10
113.5,32.5,China,156,Asia,10
113.5,33.5,China,156,Asia,10
113.5,34.5,China,156,Asia,10
113.5,35.5,China,156,Asia,10
113.5,36.5,China,156,Asia,10
113.5,37.5,China,156,Asia,9
113.5,38.5,China,156,Asia,10
113.5,39.5,China,156,Asia,10
113.5,40.5,China,156,Asia,8
113.5,41.5,China,156,Asia,7
113.5,42.5,China,156,Asia,0
113.5,47.5,Mongolia,496,Asia,0
113.5,48.5,Mongolia,496,Asia,0
113.5,49.5,Mongolia,496,Asia,1
113.5,50.5,Russia,643,Europe,0
113.5,51.5,Russia,643,Europe,0
113.5,52.5,Russia,643,Europe,0
114.5,-27.5,Australia,36,Oceania,1
114.5,-2.5,Indonesia,360,Asia,4
114.5,-1.5,Indonesia,360,Asia,0
114.5,-0.5,Indonesia,360,Asia,0
114.5,0.5,Indonesia,360,Asia,0
114.5,1.5,Malaysia,458,Asia,0
114.5,2.5,Malaysia,458,Asia,0
114.5,3.5,Malaysia,458,Asia,0
114.5,4.5,Brunei,96,Asia,0
114.5,23.5,China,156,Asia,10
114.5,24.5,China,156,Asia,9
114.5,25.5,China,156,Asia,10
114.5,26.5,China,156,Asia,10
114.5,27.5,China,156,Asia,10
114.5,28.5,China,156,Asia,10
114.5,29.5,China,156,Asia,10
114.5,30.5,China,156,Asia,10
114.5,31.5,China,156,Asia,10
114.5,32.5,China,156,Asia,10
114.5,33.5,China,156,Asia,10
114.5,34.5,China,156,Asia,10
114.5,35.5,China,156,Asia,10
114.5,36.5,China,156,Asia,10
114.5,37.5,China,156,Asia,10
114.5,38.5,China,156,Asia,10
114.5,39.5,China,156,Asia,10
114.5,40.5,China,156,Asia,9
114.5,41.5,China,156,Asia,8
114.5,42.5,China,156,Asia,2
114.5,45.5,Mongolia,496,Asia,2
114.5,47.5,Mongolia,496,Asia,0
114.5,48.5,Mongolia,496,Asia,1
114.5,49.5,Mongolia,496,Asia,0
114.5,50.5,Russia,643,Europe,0
114.5,51.5,Russia,643,Europe,0
115.5,-30.5,Australia,36,Oceania,1
115.5,-29.5,Australia,36,Oceania,1
115.5,-28.5,Australia,36,Oceania,1
115.5,-27.5,Australia,36,Oceania,0
115.5,-8.5,Indonesia,360,Asia,10
115.5,-3.5,Indonesia,360,Asia,8
115.5,-2.5,Indonesia,360,Asia,6
115.5,-1.5,Indonesia,360,Asia,0
115.5,-0.5,Indonesia,360,Asia,0
115.5,0.5,Indonesia,360,Asia,0
115.5,1.5,Indonesia,360,Asia,0
115.5,2.5,Indonesia,360,Asia,0
115.5,3.5,Malaysia,458,Asia,0
115.5,4.5,Malaysia,458,Asia,0
115.5,5.5,Malaysia,458,Asia,1
115.5,23.5,China,156,Asia,9
115.5,24.5,China,156,Asia,10
115.5,25.5,China,156,Asia,10
115.5,26.5,China,156,Asia,10
115.5,27.5,China,156,Asia,10
115.5,28.5,China,156,Asia,10
115.5,29.5,China,156,Asia,10
115.5,30.5,China,156,Asia,10
115.5,31.5,China,156,Asia,10
115.5,32.5,China,156,Asia,10
115.5,33.5,China,156,Asia,10
115.5,34.5,China,156,Asia,10
115.5,35.5,China,156,Asia,10
115.5,36.5,China,156,Asia,10
115.5,37.5,China,156,Asia,10
115.5,38.5,China,156,Asia,10
115.5,39.5,China,156,Asia,10
115.5,40.5,China,156,Asia,10
115.5,41.5,China,156,Asia,8
115.5,42.5,China,156,Asia,3
115.5,45.5,Mongolia,496,Asia,0
115.5,49.5,Mongolia,496,Asia,1
115.5,50.5,Russia,643,Europe,1
115.5,51.5,Russia,643,Europe,0
116.5,-34.5,Australia,36,Oceania,2
116.5,-33.5,Australia,36,Oceania,1
116.5,-32.5,Australia,36,Oceania,2
116.5,-31.5,Australia,36,Oceania,1
116.5,-30.5,Australia,36,Oceania,1
116.5,-29.5,Australia,36,Oceania,1
116.5,-28.5,Australia,36,Oceania,0
116.5,-8.5,Indonesia,360,Asia,10
116.5,-2.5,Indonesia,360,Asia,3
116.5,-1.5,Indonesia,360,Asia,0
116.5,-0.5,Indonesia,360,Asia,1
116.5,0.5,Indonesia,360,Asia,0
116.5,1.5,Indonesia,360,Asia,0
116.5,2.5,Indonesia,360,Asia,0
116.5,3.5,Indonesia,360,Asia,0
116.5,4.5,Malaysia,458,Asia,0
116.5,5.5,Malaysia,458,Asia,0
116.5,6.5,Malaysia,458,Asia,0
116.5,23.5,China,156,Asia,10
116.5,24.5,China,156,Asia,9
116.5,25.5,China,156,Asia,9
116.5,26.5,China,156,Asia,10
116.5,27.5,China,156,Asia,10
116.5,28.5,China,156,Asia,10
116.5,29.5,China,156,Asia,10
116.5,30.5,China,156,Asia,10
116.5,31.5,China,156,Asia,10
116.5,32.5,China,156,Asia,10
116.5,33.5,China,156,Asia,10
116.5,34.5,China,156,Asia,10
116.5,35.5,China,156,Asia,10
116.5,36.5,China,156,Asia,10
116.5,37.5,China,156,Asia,10
116.5,38.5,China,156,Asia,10
116.5,39.5,China,156,Asia,10
116.5,40.5,China,156,Asia,10
116.5,41.5,China,156,Asia,8
116.5,42.5,China,156,Asia,6
116.5,43.5,China,156,Asia,0
116.5,44.5,China,156,Asia,0
116.5,46.5,Mongolia,496,Asia,0
116.5,48.5,China,156,Asia,0
116.5,49.5,China,156,Asia,1
116.5,50.5,Russia,643,Europe,0
116.5,51.5,Russia,643,Europe,0
116.5,52.5,Russia,643,Europe,0
117.5,-34.5,Australia,36,Oceania,1
117.5,-33.5,Australia,36,Oceania,1
117.5,-32.5,Australia,36,Oceania,0
117.5,-31.5,Australia,36,Oceania,0
117.5,-30.5,Australia,36,Oceania,0
117.5,-29.5,Australia,36,Oceania,0
117.5,-8.5,Indonesia,360,Asia,8
117.5,-0.5,Indonesia,360,Asia,2
117.5,0.5,Indonesia,360,Asia,1
117.5,1.5,Indonesia,360,Asia,0
117.5,2.5,Indonesia,360,Asia,0
117.5,4.5,Malaysia,458,Asia,0
117.5,5.5,Malaysia,458,Asia,0
117.5,6.5,Malaysia,458,Asia,1
117.5,24.5,China,156,Asia,10
117.5,25.5,China,156,Asia,9
117.5,26.5,China,156,Asia,9
117.5,27.5,China,156,Asia,9
117.5,28.5,China,156,Asia,10
117.5,29.5,China,156,Asia,10
117.5,30.5,China,156,Asia,10
117.5,31.5,China,156,Asia,10
117.5,32.5,China,156,Asia,10
117.5,33.5,China,156,Asia,10
117.5,34.5,China,156,Asia,10
117.5,35.5,China,156,Asia,10
117.5,36.5,China,156,Asia,10
117.5,37.5,China,156,Asia,10
117.5,38.5,China,156,Asia,10
117.5,39.5,China,156,Asia,10
117.5,40.5,China,156,Asia,10
117.5,41.5,China,156,Asia,10
117.5,42.5,China,156,Asia,9
117.5,43.5,China,156,Asia,6
117.5,44.5,China,156,Asia,0
117.5,45.5,China,156,Asia,0
117.5,46.5,China,156,Asia,1
117.5,47.5,Mongolia,496,Asia,0
117.5,49.5,China,156,Asia,0
117.5,50.5,Russia,643,Europe,0
117.5,52.5,Russia,643,Europe,0
118.5,-34.5,Australia,36,Oceania,1
118.5,-33.5,Australia,36,Oceania,1
118.5,-32.5,Australia,36,Oceania,0
118.5,-31.5,Australia,36,Oceania,0
118.5,-30.5,Australia,36,Oceania,0
118.5,-8.5,Indonesia,360,Asia,8
118.5,4.5,Malaysia,458,Asia,0
118.5,5.5,Malaysia,458,Asia,0
118.5,9.5,Philippines,608,Asia,7
118.5,25.5,China,156,Asia,10
118.5,26.5,China,156,Asia,9
118.5,27.5,China,156,Asia,9
118.5,28.5,China,156,Asia,10
118.5,29.5,China,156,Asia,10
118.5,30.5,China,156,Asia,10
118.5,31.5,China,156,Asia,10
118.5,32.5,China,156,Asia,10
118.5,33.5,China,156,Asia,10
118.5,34.5,China,156,Asia,10
118.5,35.5,China,156,Asia,10
118.5,36.5,China,156,Asia,10
118.5,37.5,China,156,Asia,10
118.5,39.5,China,156,Asia,10
118.5,40.5,China,156,Asia,10
118.5,41.5,China,156,Asia,10
118.5,42.5,China,156,Asia,10
118.5,43.5,China,156,Asia,9
118.5,44.5,China,156,Asia,0
118.5,45.5,China,156,Asia,0
118.5,46.5,China,156,Asia,0
118.5,47.5,Mongolia,496,Asia,1
118.5,48.5,China,156,Asia,0
118.5,49.5,China,156,Asia,0
118.5,50.5,Russia,643,Europe,0
118.5,51.5,Russia,643,Europe,0
118.5,52.5,Russia,643,Europe,0
119.5,-33.5,Australia,36,Oceania,1
119.5,-32.5,Australia,36,Oceania,0
119.5,-31.5,Australia,36,Oceania,0
119.5,-30.5,Australia,36,Oceania,0
119.5,-9.5,Indonesia,360,Asia,2
119.5,-8.5,Indonesia,360,Asia,0
119.5,-5.5,Indonesia,360,Asia,10
119.5,-3.5,Indonesia,360,Asia,9
119.5,-2.5,Indonesia,360,Asia,3
119.5,-1.5,Indonesia,360,Asia,4
119.5,10.5,Philippines,608,Asia,1
119.5,25.5,China,156,Asia,10
119.5,26.5,China,156,Asia,9
119.5,27.5,China,156,Asia,9
119.5,28.5,China,156,Asia,10
119.5,29.5,China,156,Asia,10
119.5,30.5,China,156,Asia,10
119.5,31.5,China,156,Asia,10
119.5,32.5,China,156,Asia,10
119.5,33.5,China,156,Asia,10
119.5,34.5,China,156,Asia,10
119.5,35.5,China,156,Asia,10
119.5,36.5,China,156,Asia,10
119.5,40.5,China,156,Asia,10
119.5,41.5,China,156,Asia,10
119.5,42.5,China,156,Asia,10
119.5,43.5,China,156,Asia,9
119.5,44.5,China,156,Asia,8
119.5,45.5,China,156,Asia,0
119.5,46.5,China,156,Asia,0
119.5,47.5,China,156,Asia,0
119.5,48.5,China,156,Asia,0
119.5,49.5,China,156,Asia,0
119.5,50.5,China,156,Asia,0
119.5,51.5,Russia,643,Europe,0
120.5,-33.5,Australia,36,Oceania,1
120.5,-32.5,Australia,36,Oceania,0
120.5,-8.5,Indonesia,360,Asia,5
120.5,-2.5,Indonesia,360,Asia,8
120.5,-1.5,Indonesia,360,Asia,3
120.5,13.5,Philippines,608,Asia,2
120.5,14.5,Philippines,608,Asia,10
120.5,15.5,Philippines,608,Asia,10
120.5,16.5,Philippines,608,Asia,9
120.5,17.5,Philippines,608,Asia,9
120.5,27.5,China,156,Asia,10
120.5,28.5,China,156,Asia,10
120.5,29.5,China,156,Asia,10
120.5,30.5,China,156,Asia,10
120.5,31.5,China,156,Asia,10
120.5,32.5,China,156,Asia,10
120.5,33.5,China,156,Asia,10
120.5,36.5,China,156,Asia,10
120.5,37.5,China,156,Asia,10
120.5,40.5,China,156,Asia,9
120.5,41.5,China,156,Asia,9
120.5,42.5,China,156,Asia,10
120.5,43.5,China,156,Asia,10
120.5,44.5,China,156,Asia,7
120.5,45.5,China,156,Asia,2
120.5,46.5,China,156,Asia,1
120.5,47.5,China,156,Asia,0
120.5,48.5,China,156,Asia,0
120.5,49.5,China,156,Asia,4
120.5,50.5,China,156,Asia,2
120.5,51.5,China,156,Asia,0
121.5,-33.5,Australia,36,Oceania,1
121.5,-32.5,Australia,36,Oceania,2
121.5,-3.5,Indonesia,360,Asia,1
121.5,-2.5,Indonesia,360,Asia,3
121.5,-1.5,Indonesia,360,Asia,1
121.5,0.5,Indonesia,360,Asia,1
121.5,14.5,Philippines,608,Asia,9
121.5,16.5,Philippines,608,Asia,9
121.5,17.5,Philippines,608,Asia,9
121.5,28.5,China,156,Asia,10
121.5,29.5,China,156,Asia,10
121.5,37.5,China,156,Asia,10
121.5,39.5,China,156,Asia,10
121.5,41.5,China,156,Asia,10
121.5,42.5,China,156,Asia,10
121.5,43.5,China,156,Asia,10
121.5,44.5,China,156,Asia,10
121.5,45.5,China,156,Asia,7
121.5,46.5,China,156,Asia,7
121.5,47.5,China,156,Asia,1
121.5,48.5,China,156,Asia,0
121.5,49.5,China,156,Asia,1
121.5,50.5,China,156,Asia,0
121.5,53.5,Russia,643,Europe,0
122.5,-33.5,Australia,36,Oceania,1
122.5,-32.5,Australia,36,Oceania,0
122.5,-8.5,Indonesia,360,Asia,0
122.5,0.5,Indonesia,360,Asia,4
122.5,11.5,Philippines,608,Asia,9
122.5,13.5,Philippines,608,Asia,4
122.5,39.5,China,156,Asia,10
122.5,40.5,China,156,Asia,10
122.5,41.5,China,156,Asia,10
122.5,42.5,China,156,Asia,10
122.5,43.5,China,156,Asia,10
122.5,44.5,China,156,Asia,10
122.5,45.5,China,156,Asia,10
122.5,46.5,China,156,Asia,10
122.5,47.5,China,156,Asia,10
122.5,48.5,China,156,Asia,1
122.5,49.5,China,156,Asia,0
122.5,50.5,China,156,Asia,0
122.5,53.5,Russia,643,Europe,0
123.5,-33.5,Australia,36,Oceania,0
123.5,-32.5,Australia,36,Oceania,0
123.5,-8.5,Indonesia,360,Asia,0
123.5,0.5,Indonesia,360,Asia,5
123.5,8.5,Philippines,608,Asia,5
123.5,13.5,Philippines,608,Asia,10
123.5,40.5,China,156,Asia,8
123.5,41.5,China,156,Asia,10
123.5,42.5,China,156,Asia,10
123.5,43.5,China,156,Asia,10
123.5,44.5,China,156,Asia,10
123.5,45.5,China,156,Asia,10
123.5,46.5,China,156,Asia,10
123.5,47.5,China,156,Asia,10
123.5,48.5,China,156,Asia,8
123.5,49.5,China,156,Asia,1
123.5,50.5,China,156,Asia,0
123.5,51.5,China,156,Asia,0
123.5,52.5,China,156,Asia,0
123.5,53.5,China,156,Asia,0
124.5,-32.5,Australia,36,Oceania,0
124.5,-9.5,Indonesia,360,Asia,4
124.5,6.5,Philippines,608,Asia,10
124.5,7.5,Philippines,608,Asia,8
124.5,8.5,Philippines,608,Asia,4
124.5,11.5,Philippines,608,Asia,8
124.5,12.5,Philippines,608,Asia,4
124.5,40.5,China,156,Asia,10
124.5,41.5,China,156,Asia,9
124.5,42.5,China,156,Asia,10
124.5,43.5,China,156,Asia,10
124.5,44.5,China,156,Asia,10
124.5,45.5,China,156,Asia,10
124.5,46.5,China,156,Asia,8
124.5,47.5,China,156,Asia,9
124.5,48.5,China,156,Asia,10
124.5,49.5,China,156,Asia,6
124.5,50.5,China,156,Asia,1
124.5,51.5,China,156,Asia,0
124.5,52.5,China,156,Asia,0
124.5,53.5,Russia,643,Europe,0
125.5,6.5,Philippines,608,Asia,9
125.5,7.5,Philippines,608,Asia,9
125.5,8.5,Philippines,608,Asia,8
125.5,9.5,Philippines,608,Asia,6
125.5,11.5,Philippines,608,Asia,1
125.5,38.5,North Korea,408,Asia,10
125.5,39.5,North Korea,408,Asia,10
125.5,40.5,North Korea,408,Asia,9
125.5,41.5,China,156,Asia,10
125.5,42.5,China,156,Asia,10
125.5,43.5,China,156,Asia,10
125.5,44.5,China,156,Asia,10
125.5,45.5,China,156,Asia,10
125.5,46.5,China,156,Asia,9
125.5,47.5,China,156,Asia,9
125.5,48.5,China,156,Asia,8
125.5,49.5,China,156,Asia,5
125.5,50.5,China,156,Asia,0
125.5,51.5,China,156,Asia,0
125.5,52.5,China,156,Asia,0
125.5,53.5,Russia,643,Europe,0
126.5,-8.5,Timor-Leste,626,Asia,6
126.5,-3.5,Indonesia,360,Asia,4
126.5,7.5,Philippines,608,Asia,1
126.5,33.5,South Korea,410,Asia,2
126.5,34.5,South Korea,410,Asia,9
126.5,35.5,South Korea,410,Asia,10
126.5,38.5,North Korea,408,Asia,10
126.5,39.5,North Korea,408,Asia,10
126.5,40.5,North Korea,408,Asia,7
126.5,41.5,China,156,Asia,7
126.5,42.5,China,156,Asia,10
126.5,43.5,China,156,Asia,10
126.5,44.5,China,156,Asia,10
126.5,45.5,China,156,Asia,10
126.5,46.5,China,156,Asia,10
126.5,47.5,China,156,Asia,10
126.5,48.5,China,156,Asia,5
126.5,49.5,China,156,Asia,0
126.5,50.5,China,156,Asia,0
126.5,51.5,China,156,Asia,1
126.5,52.5,Russia,643,Europe,0
126.5,53.5,Russia,643,Europe,0
127.5,-1.5,Indonesia,360,Asia,0
127.5,-0.5,Indonesia,360,Asia,0
127.5,35.5,South Korea,410,Asia,10
127.5,36.5,South Korea,410,Asia,10
127.5,37.5,South Korea,410,Asia,9
127.5,38.5,North Korea,408,Asia,10
127.5,39.5,North Korea,408,Asia,10
127.5,40.5,North Korea,408,Asia,9
127.5,41.5,China,156,Asia,7
127.5,42.5,China,156,Asia,0
127.5,43.5,China,156,Asia,8
127.5,44.5,China,156,Asia,10
127.5,45.5,China,156,Asia,9
127.5,46.5,China,156,Asia,10
127.5,47.5,China,156,Asia,10
127.5,48.5,China,156,Asia,0
127.5,49.5,China,156,Asia,1
127.5,50.5,Russia,643,Europe,2
127.5,51.5,Russia,643,Europe,1
128.5,-15.5,Australia,36,Oceania,0
128.5,1.5,Indonesia,360,Asia,0
128.5,2.5,Indonesia,360,Asia,0
128.5,35.5,South Korea,410,Asia,10
128.5,36.5,South Korea,410,Asia,10
128.5,37.5,South Korea,410,Asia,7
128.5,40.5,North Korea,408,Asia,8
128.5,41.5,North Korea,408,Asia,6
128.5,42.5,China,156,Asia,4
128.5,43.5,China,156,Asia,8
128.5,44.5,China,156,Asia,6
128.5,45.5,China,156,Asia,10
128.5,46.5,China,156,Asia,8
128.5,47.5,China,156,Asia,1
128.5,48.5,China,156,Asia,0
128.5,49.5,China,156,Asia,2
128.5,50.5,Russia,643,Europe,2
128.5,51.5,Russia,643,Europe,1
129.5,41.5,North Korea,408,Asia,10
129.5,42.5,China,156,Asia,8
129.5,43.5,China,156,Asia,6
129.5,44.5,China,156,Asia,10
129.5,45.5,China,156,Asia,5
129.5,46.5,China,156,Asia,10
129.5,47.5,China,156,Asia,1
129.5,48.5,China,156,Asia,0
129.5,49.5,Russia,643,Europe,2
129.5,50.5,Russia,643,Europe,0
129.5,51.5,Russia,643,Europe,1
129.5,52.5,Russia,643,Europe,0
130.5,-13.5,Australia,36,Oceania,0
130.5,-3.5,Indonesia,360,Asia,0
130.5,-0.5,Indonesia,360,Asia,0
130.5,31.5,Japan,392,Asia,9
130.5,33.5,Japan,392,Asia,10
130.5,42.5,North Korea,408,Asia,9
130.5,43.5,China,156,Asia,0
130.5,44.5,China,156,Asia,10
130.5,45.5,China,156,Asia,10
130.5,46.5,China,156,Asia,10
130.5,47.5,China,156,Asia,10
130.5,48.5,China,156,Asia,1
130.5,49.5,Russia,643,Europe,1
131.5,-14.5,Australia,36,Oceania,0
131.5,-13.5,Australia,36,Oceania,0
131.5,-12.5,Australia,36,Oceania,1
131.5,-7.5,Indonesia,360,Asia,0
131.5,32.5,Japan,392,Asia,9
131.5,33.5,Japan,392,Asia,10
131.5,34.5,Japan,392,Asia,8
131.5,43.5,Russia,643,Europe,0
131.5,44.5,Russia,643,Europe,0
131.5,45.5,China,156,Asia,10
131.5,46.5,China,156,Asia,10
131.5,47.5,China,156,Asia,10
131.5,48.5,Russia,643,Europe,0
132.5,-31.5,Australia,36,Oceania,1
132.5,-15.5,Australia,36,Oceania,0
132.5,-14.5,Australia,36,Oceania,1
132.5,-1.5,Indonesia,360,Asia,0
132.5,-0.5,Indonesia,360,Asia,0
132.5,33.5,Japan,392,Asia,8
132.5,34.5,Japan,392,Asia,10
132.5,43.5,Russia,643,Europe,0
132.5,44.5,Russia,643,Europe,4
132.5,45.5,China,156,Asia,10
132.5,46.5,China,156,Asia,10
132.5,47.5,China,156,Asia,10
132.5,48.5,Russia,643,Europe,1
133.5,-31.5,Australia,36,Oceania,1
133.5,-24.5,Australia,36,Oceania,0
133.5,-22.5,Australia,36,Oceania,0
133.5,-3.5,Indonesia,360,Asia,0
133.5,-1.5,Indonesia,360,Asia,0
133.5,33.5,Japan,392,Asia,6
133.5,34.5,Japan,392,Asia,10
133.5,44.5,Russia,643,Europe,1
133.5,45.5,Russia,643,Europe,10
133.5,46.5,China,156,Asia,7
133.5,47.5,China,156,Asia,8
133.5,48.5,Russia,643,Europe,2
134.5,-32.5,Australia,36,Oceania,2
134.5,-31.5,Australia,36,Oceania,0
134.5,-19.5,Australia,36,Oceania,0
134.5,-6.5,Indonesia,360,Asia,0
134.5,-5.5,Indonesia,360,Asia,0
134.5,-3.5,Indonesia,360,Asia,0
134.5,35.5,Japan,392,Asia,7
134.5,43.5,Russia,643,Europe,0
134.5,45.5,Russia,643,Europe,0
134.5,46.5,Russia,643,Europe,0
134.5,47.5,China,156,Asia,3
134.5,48.5,Russia,643,Europe,2
135.5,-34.5,Australia,36,Oceania,1
135.5,-33.5,Australia,36,Oceania,1
135.5,-32.5,Australia,36,Oceania,1
135.5,-3.5,Indonesia,360,Asia,0
135.5,34.5,Japan,392,Asia,10
135.5,35.5,Japan,392,Asia,8
135.5,44.5,Russia,643,Europe,0
135.5,47.5,Russia,643,Europe,0
135.5,48.5,Russia,643,Europe,1
136.5,-33.5,Australia,36,Oceania,1
136.5,-32.5,Australia,36,Oceania,0
136.5,-4.5,Indonesia,360,Asia,0
136.5,-3.5,Indonesia,360,Asia,0
136.5,34.5,Japan,392,Asia,10
136.5,35.5,Japan,392,Asia,10
136.5,36.5,Japan,392,Asia,10
136.5,52.5,Russia,643,Europe,0
137.5,-34.5,Australia,36,Oceania,1
137.5,-32.5,Australia,36,Oceania,0
137.5,-31.5,Australia,36,Oceania,0
137.5,-4.5,Indonesia,360,Asia,0
137.5,-3.5,Indonesia,360,Asia,0
137.5,35.5,Japan,392,Asia,9
137.5,36.5,Japan,392,Asia,10
138.5,-35.5,Australia,36,Oceania,6
138.5,-34.5,Australia,36,Oceania,7
138.5,-33.5,Australia,36,Oceania,3
138.5,-32.5,Australia,36,Oceania,2
138.5,-31.5,Australia,36,Oceania,0
138.5,-7.5,Indonesia,360,Asia,1
138.5,-5.5,Indonesia,360,Asia,0
138.5,-4.5,Indonesia,360,Asia,0
138.5,-3.5,Indonesia,360,Asia,0
138.5,-2.5,Indonesia,360,Asia,0
138.5,35.5,Japan,392,Asia,9
138.5,36.5,Japan,392,Asia,9
139.5,-35.5,Australia,36,Oceania,7
139.5,-34.5,Australia,36,Oceania,6
139.5,-33.5,Australia,36,Oceania,1
139.5,-32.5,Australia,36,Oceania,0
139.5,-18.5,Australia,36,Oceania,0
139.5,-7.5,Indonesia,360,Asia,0
139.5,-6.5,Indonesia,360,Asia,0
139.5,-5.5,Indonesia,360,Asia,0
139.5,-4.5,Indonesia,360,Asia,0
139.5,-3.5,Indonesia,360,Asia,0
139.5,-2.5,Indonesia,360,Asia,0
139.5,35.5,Japan,392,Asia,10
139.5,36.5,Japan,392,Asia,10
139.5,37.5,Japan,392,Asia,10
140.5,-37.5,Australia,36,Oceania,7
140.5,-36.5,Australia,36,Oceania,8
140.5,-35.5,Australia,36,Oceania,4
140.5,-34.5,Australia,36,Oceania,7
140.5,-33.5,Australia,36,Oceania,0
140.5,-20.5,Australia,36,Oceania,0
140.5,-18.5,Australia,36,Oceania,0
140.5,-8.5,Indonesia,360,Asia,1
140.5,-7.5,Indonesia,360,Asia,0
140.5,-5.5,Indonesia,360,Asia,0
140.5,-4.5,Indonesia,360,Asia,0
140.5,-3.5,Indonesia,360,Asia,0
140.5,-2.5,Indonesia,360,Asia,0
140.5,36.5,Japan,392,Asia,10
140.5,37.5,Japan,392,Asia,10
140.5,38.5,Japan,392,Asia,10
140.5,39.5,Japan,392,Asia,10
140.5,40.5,Japan,392,Asia,10
141.5,-37.5,Australia,36,Oceania,3
141.5,-36.5,Australia,36,Oceania,2
141.5,-35.5,Australia,36,Oceania,2
141.5,-34.5,Australia,36,Oceania,1
141.5,-33.5,Australia,36,Oceania,1
141.5,-32.5,Australia,36,Oceania,0
141.5,-8.5,Papua New Guinea,598,Oceania,0
141.5,-4.5,Papua New Guinea,598,Oceania,0
141.5,-3.5,Papua New Guinea,598,Oceania,0
141.5,38.5,Japan,392,Asia,9
141.5,39.5,Japan,392,Asia,10
141.5,40.5,Japan,392,Asia,4
141.5,43.5,Japan,392,Asia,8
142.5,-37.5,Australia,36,Oceania,1
142.5,-36.5,Australia,36,Oceania,2
142.5,-35.5,Australia,36,Oceania,1
142.5,-34.5,Australia,36,Oceania,8
142.5,-33.5,Australia,36,Oceania,1
142.5,-32.5,Australia,36,Oceania,0
142.5,-31.5,Australia,36,Oceania,0
142.5,-21.5,Australia,36,Oceania,0
142.5,-20.5,Australia,36,Oceania,0
142.5,-18.5,Australia,36,Oceania,0
142.5,42.5,Japan,392,Asia,4
142.5,43.5,Japan,392,Asia,8
142.5,44.5,Japan,392,Asia,6
142.5,47.5,Russia,643,Europe,0
143.5,-38.5,Australia,36,Oceania,2
143.5,-37.5,Australia,36,Oceania,1
143.5,-36.5,Australia,36,Oceania,9
143.5,-35.5,Australia,36,Oceania,10
143.5,-34.5,Australia,36,Oceania,6
143.5,-33.5,Australia,36,Oceania,0
143.5,-32.5,Australia,36,Oceania,0
143.5,-31.5,Australia,36,Oceania,0
143.5,-21.5,Australia,36,Oceania,0
143.5,-20.5,Australia,36,Oceania,0
143.5,-18.5,Australia,36,Oceania,0
143.5,43.5,Japan,392,Asia,3
144.5,-37.5,Australia,36,Oceania,6
144.5,-36.5,Australia,36,Oceania,9
144.5,-35.5,Australia,36,Oceania,10
144.5,-34.5,Australia,36,Oceania,8
144.5,-33.5,Australia,36,Oceania,1
144.5,-32.5,Australia,36,Oceania,0
144.5,-31.5,Australia,36,Oceania,0
144.5,-30.5,Australia,36,Oceania,0
144.5,-23.5,Australia,36,Oceania,0
144.5,-22.5,Australia,36,Oceania,0
144.5,-21.5,Australia,36,Oceania,0
144.5,-20.5,Australia,36,Oceania,0
144.5,-18.5,Australia,36,Oceania,0
144.5,-17.5,Australia,36,Oceania,0
144.5,-15.5,Australia,36,Oceania,0
144.5,-7.5,Papua New Guinea,598,Oceania,0
144.5,-4.5,Papua New Guinea,598,Oceania,0
144.5,43.5,Japan,392,Asia,0
145.5,-41.5,Australia,36,Oceania,0
145.5,-38.5,Australia,36,Oceania,3
145.5,-37.5,Australia,36,Oceania,5
145.5,-36.5,Australia,36,Oceania,10
145.5,-35.5,Australia,36,Oceania,10
145.5,-34.5,Australia,36,Oceania,10
145.5,-33.5,Australia,36,Oceania,2
145.5,-32.5,Australia,36,Oceania,1
145.5,-31.5,Australia,36,Oceania,0
145.5,-30.5,Australia,36,Oceania,1
145.5,-29.5,Australia,36,Oceania,0
145.5,-28.5,Australia,36,Oceania,0
145.5,-27.5,Australia,36,Oceania,0
145.5,-24.5,Australia,36,Oceania,0
145.5,-23.5,Australia,36,Oceania,0
145.5,-22.5,Australia,36,Oceania,0
145.5,-21.5,Australia,36,Oceania,0
145.5,-20.5,Australia,36,Oceania,0
145.5,-19.5,Australia,36,Oceania,0
145.5,-18.5,Australia,36,Oceania,3
145.5,-17.5,Australia,36,Oceania,8
145.5,-6.5,Papua New Guinea,598,Oceania,0
145.5,-5.5,Papua New Guinea,598,Oceania,0
146.5,-43.5,Australia,36,Oceania,0
146.5,-42.5,Australia,36,Oceania,1
146.5,-41.5,Australia,36,Oceania,5
146.5,-38.5,Australia,36,Oceania,8
146.5,-37.5,Australia,36,Oceania,4
146.5,-36.5,Australia,36,Oceania,7
146.5,-35.5,Australia,36,Oceania,7
146.5,-34.5,Australia,36,Oceania,10
146.5,-33.5,Australia,36,Oceania,2
146.5,-32.5,Australia,36,Oceania,2
146.5,-31.5,Australia,36,Oceania,2
146.5,-30.5,Australia,36,Oceania,1
146.5,-29.5,Australia,36,Oceania,1
146.5,-25.5,Australia,36,Oceania,0
146.5,-24.5,Australia,36,Oceania,0
146.5,-23.5,Australia,36,Oceania,0
146.5,-22.5,Australia,36,Oceania,0
146.5,-21.5,Australia,36,Oceania,0
146.5,-20.5,Australia,36,Oceania,0
146.5,-19.5,Australia,36,Oceania,0
146.5,-6.5,Papua New Guinea,598,Oceania,0
147.5,-42.5,Australia,36,Oceania,4
147.5,-41.5,Australia,36,Oceania,6
147.5,-37.5,Australia,36,Oceania,4
147.5,-36.5,Australia,36,Oceania,4
147.5,-35.5,Australia,36,Oceania,2
147.5,-34.5,Australia,36,Oceania,2
147.5,-33.5,Australia,36,Oceania,9
147.5,-32.5,Australia,36,Oceania,2
147.5,-31.5,Australia,36,Oceania,10
147.5,-30.5,Australia,36,Oceania,2
147.5,-29.5,Australia,36,Oceania,1
147.5,-28.5,Australia,36,Oceania,1
147.5,-26.5,Australia,36,Oceania,1
147.5,-25.5,Australia,36,Oceania,0
147.5,-24.5,Australia,36,Oceania,0
147.5,-23.5,Australia,36,Oceania,0
147.5,-22.5,Australia,36,Oceania,0
147.5,-21.5,Australia,36,Oceania,0
147.5,-20.5,Australia,36,Oceania,0
147.5,-19.5,Australia,36,Oceania,10
147.5,-9.5,Papua New Guinea,598,Oceania,0
147.5,-6.5,Papua New Guinea,598,Oceania,0
148.5,-37.5,Australia,36,Oceania,0
148.5,-36.5,Australia,36,Oceania,0
148.5,-35.5,Australia,36,Oceania,1
148.5,-34.5,Australia,36,Oceania,2
148.5,-33.5,Australia,36,Oceania,4
148.5,-32.5,Australia,36,Oceania,10
148.5,-31.5,Australia,36,Oceania,2
148.5,-30.5,Australia,36,Oceania,2
148.5,-29.5,Australia,36,Oceania,7
148.5,-28.5,Australia,36,Oceania,8
148.5,-27.5,Australia,36,Oceania,2
148.5,-26.5,Australia,36,Oceania,1
148.5,-25.5,Australia,36,Oceania,0
148.5,-24.5,Australia,36,Oceania,0
148.5,-23.5,Australia,36,Oceania,6
148.5,-22.5,Australia,36,Oceania,0
148.5,-21.5,Australia,36,Oceania,8
148.5,-20.5,Australia,36,Oceania,7
149.5,-37.5,Australia,36,Oceania,0
149.5,-36.5,Australia,36,Oceania,3
149.5,-35.5,Australia,36,Oceania,0
149.5,-34.5,Australia,36,Oceania,2
149.5,-33.5,Australia,36,Oceania,1
149.5,-32.5,Australia,36,Oceania,1
149.5,-31.5,Australia,36,Oceania,2
149.5,-30.5,Australia,36,Oceania,10
149.5,-29.5,Australia,36,Oceania,10
149.5,-28.5,Australia,36,Oceania,8
149.5,-27.5,Australia,36,Oceania,1
149.5,-26.5,Australia,36,Oceania,1
149.5,-25.5,Australia,36,Oceania,0
149.5,-24.5,Australia,36,Oceania,0
149.5,-23.5,Australia,36,Oceania,0
149.5,-22.5,Australia,36,Oceania,0
150.5,-34.5,Australia,36,Oceania,2
150.5,-33.5,Australia,36,Oceania,1
150.5,-32.5,Australia,36,Oceania,5
150.5,-31.5,Australia,36,Oceania,8
150.5,-30.5,Australia,36,Oceania,4
150.5,-29.5,Australia,36,Oceania,3
150.5,-28.5,Australia,36,Oceania,9
150.5,-27.5,Australia,36,Oceania,1
150.5,-26.5,Australia,36,Oceania,2
150.5,-25.5,Australia,36,Oceania,1
150.5,-24.5,Australia,36,Oceania,3
150.5,-23.5,Australia,36,Oceania,1
150.5,-10.5,Papua New Guinea,598,Oceania,0
150.5,-9.5,Papua New Guinea,598,Oceania,0
151.5,-32.5,Australia,36,Oceania,6
151.5,-31.5,Australia,36,Oceania,1
151.5,-30.5,Australia,36,Oceania,1
151.5,-29.5,Australia,36,Oceania,2
151.5,-28.5,Australia,36,Oceania,5
151.5,-27.5,Australia,36,Oceania,10
151.5,-26.5,Australia,36,Oceania,6
151.5,-25.5,Australia,36,Oceania,5
151.5,-24.5,Australia,36,Oceania,3
152.5,-31.5,Australia,36,Oceania,3
152.5,-30.5,Australia,36,Oceania,2
152.5,-29.5,Australia,36,Oceania,1
152.5,-28.5,Australia,36,Oceania,5
152.5,-27.5,Australia,36,Oceania,9
152.5,-26.5,Australia,36,Oceania,8
152.5,-25.5,Australia,36,Oceania,8
153.5,-28.5,Australia,36,Oceania,5
153.5,-27.5,Australia,36,Oceania,1
167.5,-45.5,New Zealand,554,Oceania,0
168.5,-46.5,New Zealand,554,Oceania,1
168.5,-45.5,New Zealand,554,Oceania,1
168.5,-44.5,New Zealand,554,Oceania,0
169.5,-46.5,New Zealand,554,Oceania,0
169.5,-45.5,New Zealand,554,Oceania,5
169.5,-44.5,New Zealand,554,Oceania,3
170.5,-45.5,New Zealand,554,Oceania,5
170.5,-44.5,New Zealand,554,Oceania,7
170.5,-43.5,New Zealand,554,Oceania,1
171.5,-43.5,New Zealand,554,Oceania,9
171.5,-42.5,New Zealand,554,Oceania,0
172.5,-43.5,New Zealand,554,Oceania,7
172.5,-42.5,New Zealand,554,Oceania,4
172.5,-41.5,New Zealand,554,Oceania,0
173.5,-42.5,New Zealand,554,Oceania,4
173.5,-41.5,New Zealand,554,Oceania,3
173.5,-35.5,New Zealand,554,Oceania,0
174.5,-39.5,New Zealand,554,Oceania,0
174.5,-36.5,New Zealand,554,Oceania,0
175.5,-41.5,New Zealand,554,Oceania,2
175.5,-40.5,New Zealand,554,Oceania,1
175.5,-39.5,New Zealand,554,Oceania,1
175.5,-38.5,New Zealand,554,Oceania,0
175.5,-37.5,New Zealand,554,Oceania,1
176.5,-40.5,New Zealand,554,Oceania,2
176.5,-39.5,New Zealand,554,Oceania,6
176.5,-38.5,New Zealand,554,Oceania,0
177.5,-38.5,New Zealand,554,Oceania,2
